address	type	category	comment
10038720	Info	PE Header	IMAGE_DIRECTORY_ENTRY_EXPORT
10046000	Info	PE Header	IMAGE_DIRECTORY_ENTRY_IMPORT
10048000	Info	PE Header	IMAGE_DIRECTORY_ENTRY_BASERELOC
10036000	Info	PE Header	IMAGE_DIRECTORY_ENTRY_DEBUG
1004634c	Info	PE Header	IMAGE_DIRECTORY_ENTRY_IAT
10017c45	Analysis	Non-Returning Function	Non-Returning Function Found
10001005	Analysis	Found Code	Found code from operand reference
1000100f	Analysis	Found Code	Found code from operand reference
10001014	Analysis	Found Code	Found code from operand reference
1000101e	Analysis	Found Code	Found code from operand reference
10001037	Analysis	Found Code	Found code from operand reference
10001041	Analysis	Found Code	Found code from operand reference
1000106e	Analysis	Found Code	Found code from operand reference
10001078	Analysis	Found Code	Found code from operand reference
1000107d	Analysis	Found Code	Found code from operand reference
1000108c	Analysis	Found Code	Found code from operand reference
1000109b	Analysis	Found Code	Found code from operand reference
100010b4	Analysis	Found Code	Found code from operand reference
100010be	Analysis	Found Code	Found code from operand reference
100010d2	Analysis	Found Code	Found code from operand reference
100010d7	Analysis	Found Code	Found code from operand reference
100010dc	Analysis	Found Code	Found code from operand reference
10001118	Analysis	Found Code	Found code from operand reference
10001122	Analysis	Found Code	Found code from operand reference
1000114a	Analysis	Found Code	Found code from operand reference
1000114f	Analysis	Found Code	Found code from operand reference
10001159	Analysis	Found Code	Found code from operand reference
10001168	Analysis	Found Code	Found code from operand reference
10001177	Analysis	Found Code	Found code from operand reference
10001195	Analysis	Found Code	Found code from operand reference
100011d6	Analysis	Found Code	Found code from operand reference
100011e0	Analysis	Found Code	Found code from operand reference
100011ea	Analysis	Found Code	Found code from operand reference
100011f4	Analysis	Found Code	Found code from operand reference
10001208	Analysis	Found Code	Found code from operand reference
10001217	Analysis	Found Code	Found code from operand reference
10001221	Analysis	Found Code	Found code from operand reference
1000123f	Analysis	Found Code	Found code from operand reference
10001253	Analysis	Found Code	Found code from operand reference
100012a3	Analysis	Found Code	Found code from operand reference
100012ad	Analysis	Found Code	Found code from operand reference
100012bc	Analysis	Found Code	Found code from operand reference
100012c1	Analysis	Found Code	Found code from operand reference
100012c6	Analysis	Found Code	Found code from operand reference
100012cb	Analysis	Found Code	Found code from operand reference
100012d0	Analysis	Found Code	Found code from operand reference
100012e9	Analysis	Found Code	Found code from operand reference
10001302	Analysis	Found Code	Found code from operand reference
1000132f	Analysis	Found Code	Found code from operand reference
10001339	Analysis	Found Code	Found code from operand reference
1000133e	Analysis	Found Code	Found code from operand reference
10001357	Analysis	Found Code	Found code from operand reference
1000138e	Analysis	Found Code	Found code from operand reference
10001393	Analysis	Found Code	Found code from operand reference
100013a2	Analysis	Found Code	Found code from operand reference
10011cb0	Analysis	Found Code	Found code from operand reference
10018024	Analysis	Found Code	Found code from operand reference
1003414b	Analysis	Found Code	Found code from operand reference
10034160	Analysis	Found Code	Found code from operand reference
10034188	Analysis	Found Code	Found code from operand reference
100341a5	Analysis	Found Code	Found code from operand reference
100114e0	Analysis	Function ID Analyzer	Library Function - Single Match,  __ftol
10011850	Analysis	Function ID Analyzer	Library Function - Single Match,  _memset
100118f0	Analysis	Function ID Analyzer	Library Function - Single Match,  ?_CallMemberFunction0@@YGXPAX0@Z
10011980	Analysis	Function ID Conflict	Multiple likely matching functions
10011980	Analysis	Function ID Analyzer	Library Function - Multiple Matches, Different  ___CxxFrameHandler
100119c0	Analysis	Function ID Analyzer	Library Function - Single Match,  ___CxxLongjmpUnwind@4
10011c90	Analysis	Function ID Analyzer	Library Function - Single Match,  __global_unwind2
10011cd2	Analysis	Function ID Analyzer	Library Function - Single Match,  __local_unwind2
10011d3a	Analysis	Function ID Analyzer	Library Function - Single Match,  __abnormal_termination
10011d5d	Analysis	Function ID Analyzer	Library Function - Single Match,  __NLG_Notify1
10011ef0	Analysis	Function ID Analyzer	Library Function - Single Match,  _rand
10011f30	Analysis	Function ID Analyzer	Library Function - Single Match,  _malloc
10011f60	Analysis	Function ID Analyzer	Library Function - Single Match,  __malloc_dbg
10012390	Analysis	Function ID Analyzer	Library Function - Single Match,  _calloc
100123c0	Analysis	Function ID Analyzer	Library Function - Single Match,  __calloc_dbg
10012420	Analysis	Function ID Conflict	Multiple likely matching functions
10012420	Analysis	Function ID Analyzer	Library Function - Multiple Matches, Different  __expand
10012450	Analysis	Function ID Conflict	Multiple likely matching functions
10012450	Analysis	Function ID Analyzer	Library Function - Multiple Matches, Different  __expand_dbg
10012a00	Analysis	Function ID Conflict	Multiple likely matching functions
10012a00	Analysis	Function ID Analyzer	Library Function - Multiple Matches, Different  __expand
10012a30	Analysis	Function ID Conflict	Multiple likely matching functions
10012a30	Analysis	Function ID Analyzer	Library Function - Multiple Matches, Different  __expand_dbg
10012b00	Analysis	Function ID Analyzer	Library Function - Single Match,  __free_dbg
10013750	Analysis	Function ID Analyzer	Library Function - Single Match,  __CrtIsValidPointer
100138d0	Analysis	Function ID Analyzer	Library Function - Single Match,  __CrtIsMemoryBlock
100142d0	Analysis	Function ID Analyzer	Library Function - Single Match,  __exit
10014440	Analysis	Function ID Analyzer	Library Function - Single Match,  __initterm
100145a0	Analysis	Function ID Analyzer	Library Function - Single Match,  ?ArrayUnwindFilter@@YAHPAU_EXCEPTION_POINTERS@@@Z
100145d0	Analysis	Function ID Analyzer	Library Function - Single Match,  ??_L@YGXPAXIHP6EX0@Z1@Z
10014670	Analysis	Function ID Analyzer	Library Function - Single Match,  _strlen
10014a30	Analysis	Function ID Analyzer	Library Function - Single Match,  __amsg_exit
100150f0	Analysis	Function ID Analyzer	Library Function - Single Match,  __setdefaultprecision
10015170	Analysis	Function ID Analyzer	Library Function - Single Match,  __ms_p5_mp_test_fdiv
10015270	Analysis	Function ID Analyzer	Library Function - Single Match,  __cropzeros
10015350	Analysis	Function ID Analyzer	Library Function - Single Match,  __positive
10015380	Analysis	Function ID Analyzer	Library Function - Single Match,  __fassign
10015860	Analysis	Function ID Analyzer	Library Function - Single Match,  __cfltcvt
100158c0	Analysis	Function ID Analyzer	Library Function - Single Match,  __shift
100158f0	Analysis	Function ID Analyzer	Library Function - Single Match,  _abort
10015f60	Analysis	Function ID Analyzer	Library Function - Single Match,  __itoa
10015fb0	Analysis	Function ID Analyzer	Library Function - Single Match,  _xtoa
10016080	Analysis	Function ID Analyzer	Library Function - Single Match,  __ltoa
100160c0	Analysis	Function ID Analyzer	Library Function - Single Match,  __ultoa
100160e0	Analysis	Function ID Analyzer	Library Function - Single Match,  __i64toa
10016130	Analysis	Function ID Analyzer	Library Function - Single Match,  _x64toa@20
10016230	Analysis	Function ID Analyzer	Library Function - Single Match,  __ui64toa
10016250	Analysis	Function ID Analyzer	Library Function - Single Match,  _strncat
10016380	Analysis	Function ID Analyzer	Library Function - Single Match,  _strncpy
10017000	Analysis	Function ID Analyzer	Library Function - Single Match,  ?ArrayUnwindFilter@@YAHPAU_EXCEPTION_POINTERS@@@Z
10017030	Analysis	Function ID Analyzer	Library Function - Single Match,  ?CatchIt@@YAXPAUEHExceptionRecord@@PAUEHRegistrationNode@@PAU_CONTEXT@@PAXPBU_s_FuncInfo@@PBU_s_HandlerType@@PBU_s_CatchableType@@PBU_s_TryBlockMapEntry@@H1E@Z
10017510	Analysis	Function ID Analyzer	Library Function - Single Match,  ___DestructExceptionObject
100175a0	Analysis	Function ID Conflict	Multiple likely matching functions
100175a0	Analysis	Function ID Analyzer	Library Function - Multiple Matches, Different  ?AdjustPointer@@YAPAXPAXABUPMD@@@Z
100175f0	Analysis	Function ID Analyzer	Library Function - Single Match,  __CallSettingFrame@12
10017a30	Analysis	Function ID Analyzer	Library Function - Single Match,  __trandisp1
10017a97	Analysis	Function ID Analyzer	Library Function - Single Match,  __trandisp2
10017c45	Analysis	Function ID Analyzer	Library Function - Single Match,  __fload_withFB
10017cab	Analysis	Function ID Analyzer	Library Function - Single Match,  __math_exit
10017da7	Analysis	Function ID Analyzer	Library Function - Single Match,  __startOneArgErrorHandling
10017df0	Analysis	Function ID Analyzer	Library Function - Single Match,  ?_set_new_handler@@YAP6AHI@ZP6AHI@Z@Z
10017e30	Analysis	Function ID Analyzer	Library Function - Single Match,  __callnewh
10018100	Analysis	Function ID Analyzer	Library Function - Single Match,  __malloc_base
10018120	Analysis	Function ID Analyzer	Library Function - Single Match,  __nh_malloc_base
10018180	Analysis	Function ID Analyzer	Library Function - Single Match,  __heap_alloc_base
10018350	Analysis	Function ID Analyzer	Library Function - Single Match,  __CrtSetReportFile
10019290	Analysis	Function ID Analyzer	Library Function - Single Match,  __heapchk
100193a0	Analysis	Function ID Analyzer	Library Function - Single Match,  __heapset
100194f0	Analysis	Function ID Analyzer	Library Function - Single Match,  ___sbh_heap_init
1001d9c0	Analysis	Function ID Analyzer	Library Function - Single Match,  __ioterm
1001e2f0	Analysis	Function ID Analyzer	Library Function - Single Match,  __FF_MSGBANNER
1001e500	Analysis	Function ID Analyzer	Library Function - Single Match,  __GET_RTERRMSG
1001e800	Analysis	Function ID Analyzer	Library Function - Single Match,  __cintrindisp2
1001e83e	Analysis	Function ID Analyzer	Library Function - Single Match,  __cintrindisp1
1001e87b	Analysis	Function ID Analyzer	Library Function - Single Match,  __ctrandisp2
1001e9fb	Analysis	Function ID Analyzer	Library Function - Single Match,  __ctrandisp1
1001ea2e	Analysis	Function ID Analyzer	Library Function - Single Match,  __fload
1001ebe0	Analysis	Function ID Analyzer	Library Function - Single Match,  __controlfp
1001f260	Analysis	Function ID Analyzer	Library Function - Single Match,  __IncMan
1001f3f0	Analysis	Function ID Analyzer	Library Function - Single Match,  __CopyMan
1001f440	Analysis	Function ID Analyzer	Library Function - Single Match,  __FillZeroMan
1001f470	Analysis	Function ID Analyzer	Library Function - Single Match,  __IsZeroMan
1001f4b0	Analysis	Function ID Analyzer	Library Function - Single Match,  __ShrMan
1001ffe0	Analysis	Function ID Analyzer	Library Function - Single Match,  __fptrap
1001fff0	Analysis	Function ID Analyzer	Library Function - Single Match,  __dosmaperr
100200b0	Analysis	Function ID Analyzer	Library Function - Single Match,  __XcptFilter
100202d0	Analysis	Function ID Analyzer	Library Function - Single Match,  __aulldiv
10020340	Analysis	Function ID Analyzer	Library Function - Single Match,  __aullrem
10020950	Analysis	Function ID Analyzer	Library Function - Single Match,  ?_ValidateExecute@@YAHP6GHXZ@Z
10020980	Analysis	Function ID Analyzer	Library Function - Single Match,  _strcmp
10021020	Analysis	Function ID Analyzer	Library Function - Single Match,  _strchr
100210e0	Analysis	Function ID Analyzer	Library Function - Single Match,  _strstr
10021160	Analysis	Function ID Analyzer	Library Function - Single Match,  _strncmp
10021580	Analysis	Function ID Analyzer	Library Function - Single Match,  __isatty
10021a30	Analysis	Function ID Analyzer	Library Function - Single Match,  _getSystemCP
10021b10	Analysis	Function ID Analyzer	Library Function - Single Match,  _setSBCS
10022870	Analysis	Function ID Analyzer	Library Function - Single Match,  __strcats
10022a20	Analysis	Function ID Analyzer	Library Function - Single Match,  ___lc_lctostr
10022df0	Analysis	Function ID Analyzer	Library Function - Single Match,  ___addl
10022e30	Analysis	Function ID Analyzer	Library Function - Single Match,  ___add_12
10022ee0	Analysis	Function ID Analyzer	Library Function - Single Match,  ___shl_12
10022f40	Analysis	Function ID Analyzer	Library Function - Single Match,  ___shr_12
10024380	Analysis	Function ID Analyzer	Library Function - Single Match,  __set_osfhnd
10024730	Analysis	Function ID Analyzer	Library Function - Single Match,  __unlock_fhandle
10025210	Analysis	Function ID Analyzer	Library Function - Single Match,  __umatherr
100252b0	Analysis	Function ID Conflict	Multiple likely matching functions
100252b0	Analysis	Function ID Analyzer	Library Function - Multiple Matches, Different  __set_errno
100252f0	Analysis	Function ID Analyzer	Library Function - Single Match,  __get_fname
100253b0	Analysis	Function ID Analyzer	Library Function - Single Match,  __matherr
10025720	Analysis	Function ID Analyzer	Library Function - Single Match,  __close_lk
100257d0	Analysis	Function ID Analyzer	Library Function - Single Match,  ___init_time
10025e40	Analysis	Function ID Analyzer	Library Function - Single Match,  ___free_lc_time
10026400	Analysis	Function ID Analyzer	Library Function - Single Match,  _fix_grouping
100267c0	Analysis	Function ID Analyzer	Library Function - Single Match,  _fix_grouping
10027830	Analysis	Function ID Analyzer	Library Function - Single Match,  _crtGetLocaleInfoA@16
10027a40	Analysis	Function ID Analyzer	Library Function - Single Match,  _GetPrimaryLen
10029010	Analysis	Function ID Conflict	Multiple likely matching functions
10029010	Analysis	Function ID Analyzer	Library Function - Multiple Matches, Different  ?_store_str@@YAXPADPAPADPAI@Z
10029110	Analysis	Function ID Conflict	Multiple likely matching functions
10029110	Analysis	Function ID Analyzer	Library Function - Multiple Matches, Different  ?_store_number@@YAXHPAPADPAI@Z
1002acb0	Analysis	Function ID Analyzer	Library Function - Single Match,  __allmul
1002ad20	Analysis	Function ID Conflict	Multiple likely matching functions
1002ad20	Analysis	Function ID Analyzer	Library Function - Multiple Matches, Different  __getenv_lk
1002adf0	Analysis	Function ID Analyzer	Library Function - Single Match,  __mbsnbicoll
1002b620	Analysis	Function ID Analyzer	Library Function - Single Match,  _findenv
1002b6a0	Analysis	Function ID Analyzer	Library Function - Single Match,  _copy_environ
1001795e	Analysis	Non-Returning Function	Non-Returning Function Identified
1000dca4	Analysis	Address Table	Address table[4] created
10011574	Analysis	Address Table	Address table[3] created
10011658	Analysis	Address Table	Address table[4] created
100116fc	Analysis	Address Table	Address table[3] created
100117f0	Analysis	Address Table	Address table[4] created
10013654	Analysis	Address Table	Address table[4] created
1001d414	Analysis	Address Table	Address table[5] created
1001d434	Analysis	Address Table	Address table[5] created
1001d4a0	Analysis	Address Table	Address table[3] created
1001d4c0	Analysis	Address Table	Address table[3] created
1001fd04	Analysis	Address Table	Address table[3] created
1001fde8	Analysis	Address Table	Address table[4] created
1001fe8c	Analysis	Address Table	Address table[3] created
1001ff80	Analysis	Address Table	Address table[4] created
10020b6c	Analysis	Address Table	Address table[5] created
10021ae0	Analysis	Address Table	Address table[5] created
10023bcc	Analysis	Address Table	Address table[3] created
10029648	Analysis	Address Table	Address table[9] created
10039104	Analysis	Address Table	Address table[3] created
1003c750	Analysis	Address Table	Address table[3] created
1003c7c4	Analysis	Address Table	Address table[5] created
1003cbd0	Analysis	Address Table	Address table[3] created
1003ef00	Analysis	Address Table	Address table[16] created
1003f384	Analysis	Address Table	Address table[11] created
1003fc58	Analysis	Address Table	Address table[7] created
1003fc74	Analysis	Address Table	Address table[7] created
1003fc90	Analysis	Address Table	Address table[12] created
1003fcc0	Analysis	Address Table	Address table[12] created
1003fd18	Analysis	Address Table	Address table[8] created
