entry	name	full_name	namespace	name_source	signature_source	calling_convention	return_type	parameter_count	is_thunk	thunk_target	is_external	body_ranges	comment	repeatable_comment	prototype
10001000	FUN_10001000	FUN_10001000	Global	DEFAULT	ANALYSIS	__cdecl	undefined4	4	false	\N	false	10001000-10001046	\N	\N	undefined4 __cdecl FUN_10001000(int * param_1, int * param_2, int param_3, int param_4)
10001050	FUN_10001050	FUN_10001050	Global	DEFAULT	ANALYSIS	__cdecl	undefined4	11	false	\N	false	10001050-10001142	\N	\N	undefined4 __cdecl FUN_10001050(int param_1, int param_2, int param_3, int param_4, int param_5, int * param_6, int * param_7, int * param_8, int * param_9, int * param_10, int * param_11)
10001150	FUN_10001150	FUN_10001150	Global	DEFAULT	ANALYSIS	__thiscall	undefined	5	false	\N	false	10001150-1000137d	\N	\N	undefined __thiscall FUN_10001150(int * param_1, float * param_2, undefined1 * param_3, float param_4)
10001380	FUN_10001380	FUN_10001380	Global	DEFAULT	ANALYSIS	__cdecl	byte	3	false	\N	false	10001380-100013bc	\N	\N	byte __cdecl FUN_10001380(int param_1, int param_2, int param_3)
100013e0	FUN_100013e0	FUN_100013e0	Global	DEFAULT	ANALYSIS	__cdecl	undefined	1	false	\N	false	100013e0-100013f4	\N	\N	undefined __cdecl FUN_100013e0(undefined4 param_1)
10001400	FUN_10001400	FUN_10001400	Global	DEFAULT	ANALYSIS	__cdecl	undefined	1	false	\N	false	10001400-10001412	\N	\N	undefined __cdecl FUN_10001400(undefined4 param_1)
10001420	FUN_10001420	FUN_10001420	Global	DEFAULT	ANALYSIS	__cdecl	undefined	4	false	\N	false	10001420-100014aa	\N	\N	undefined __cdecl FUN_10001420(int param_1, int param_2, int param_3, undefined4 * param_4)
100014b0	FUN_100014b0	FUN_100014b0	Global	DEFAULT	ANALYSIS	__cdecl	undefined	1	false	\N	false	100014b0-100014dd	\N	\N	undefined __cdecl FUN_100014b0(int param_1)
100014e0	FUN_100014e0	FUN_100014e0	Global	DEFAULT	ANALYSIS	__stdcall	undefined	0	false	\N	false	100014e0-100015d1	\N	\N	undefined __stdcall FUN_100014e0(void)
100015e0	FUN_100015e0	FUN_100015e0	Global	DEFAULT	ANALYSIS	__stdcall	undefined	0	false	\N	false	100015e0-1000160e	\N	\N	undefined __stdcall FUN_100015e0(void)
10001610	FUN_10001610	FUN_10001610	Global	DEFAULT	ANALYSIS	__stdcall	undefined	0	false	\N	false	10001610-10001643	\N	\N	undefined __stdcall FUN_10001610(void)
10001650	FUN_10001650	FUN_10001650	Global	DEFAULT	ANALYSIS	__stdcall	undefined	0	false	\N	false	10001650-10001dcf	\N	\N	undefined __stdcall FUN_10001650(void)
10001dd0	FUN_10001dd0	FUN_10001dd0	Global	DEFAULT	ANALYSIS	__cdecl	undefined	2	false	\N	false	10001dd0-10001fa7	\N	\N	undefined __cdecl FUN_10001dd0(int param_1, byte param_2)
10001fb0	FUN_10001fb0	FUN_10001fb0	Global	DEFAULT	ANALYSIS	__stdcall	undefined	0	false	\N	false	10001fb0-10002028	\N	\N	undefined __stdcall FUN_10001fb0(void)
10002030	FUN_10002030	FUN_10002030	Global	DEFAULT	ANALYSIS	__cdecl	undefined4 *	3	false	\N	false	10002030-10002127	\N	\N	undefined4 * __cdecl FUN_10002030(int * param_1, int param_2, int param_3)
10002130	FUN_10002130	FUN_10002130	Global	DEFAULT	ANALYSIS	__cdecl	undefined4 *	1	false	\N	false	10002130-100021e2	\N	\N	undefined4 * __cdecl FUN_10002130(int * param_1)
100021f0	FUN_100021f0	FUN_100021f0	Global	DEFAULT	ANALYSIS	__stdcall	undefined	0	false	\N	false	100021f0-100023bb	\N	\N	undefined __stdcall FUN_100021f0(void)
10003680	FUN_10003680	FUN_10003680	Global	DEFAULT	ANALYSIS	__cdecl	undefined	6	false	\N	false	10003680-10003aaa	\N	\N	undefined __cdecl FUN_10003680(int param_1, int param_2, int param_3, int param_4, int param_5, uint param_6)
10003ab0	FUN_10003ab0	FUN_10003ab0	Global	DEFAULT	ANALYSIS	__cdecl	undefined	6	false	\N	false	10003ab0-10003b12	\N	\N	undefined __cdecl FUN_10003ab0(int param_1, int param_2, int param_3, int param_4, int param_5, uint param_6)
10004050	FUN_10004050	FUN_10004050	Global	DEFAULT	ANALYSIS	__cdecl	undefined	1	false	\N	false	10004050-10004139	\N	\N	undefined __cdecl FUN_10004050(int param_1)
100043e0	FUN_100043e0	FUN_100043e0	Global	DEFAULT	ANALYSIS	__cdecl	undefined4	11	false	\N	false	100043e0-100048a2	\N	\N	undefined4 __cdecl FUN_100043e0(int param_1, int param_2, int param_3, int param_4, int param_5, int param_6, float param_7, int param_8, int param_9, int param_10, int param_11)
100048b0	FUN_100048b0	FUN_100048b0	Global	DEFAULT	ANALYSIS	__cdecl	undefined4	1	false	\N	false	100048b0-100048c5	\N	\N	undefined4 __cdecl FUN_100048b0(int param_1)
100048d0	FUN_100048d0	FUN_100048d0	Global	DEFAULT	ANALYSIS	__cdecl	undefined	3	false	\N	false	100048d0-100048fb	\N	\N	undefined __cdecl FUN_100048d0(int param_1, float param_2, float param_3)
10004900	FUN_10004900	FUN_10004900	Global	DEFAULT	ANALYSIS	__thiscall	undefined	4	false	\N	false	10004900-10004927	\N	\N	undefined __thiscall FUN_10004900(int param_1, undefined4 param_2, int param_3)
10004990	FUN_10004990	FUN_10004990	Global	DEFAULT	ANALYSIS	__cdecl	int	5	false	\N	false	10004990-10004e01	\N	\N	int __cdecl FUN_10004990(int * param_1, float * param_2, int param_3, byte param_4, int param_5)
10004e10	FUN_10004e10	FUN_10004e10	Global	DEFAULT	ANALYSIS	__cdecl	undefined4	7	false	\N	false	10004e10-1000514c	\N	\N	undefined4 __cdecl FUN_10004e10(int * param_1, float * param_2, byte param_3, int param_4, int param_5, int param_6, int param_7)
100053d0	FUN_100053d0	FUN_100053d0	Global	DEFAULT	ANALYSIS	__cdecl	undefined	7	false	\N	false	100053d0-100054b7	\N	\N	undefined __cdecl FUN_100053d0(int param_1, float param_2, undefined4 param_3, int param_4, int param_5, char * param_6, int param_7)
100054c0	FUN_100054c0	FUN_100054c0	Global	DEFAULT	ANALYSIS	__cdecl	undefined	5	false	\N	false	100054c0-10005596	\N	\N	undefined __cdecl FUN_100054c0(undefined4 param_1, float param_2, int param_3, undefined4 param_4, char param_5)
100059e0	FUN_100059e0	FUN_100059e0	Global	DEFAULT	ANALYSIS	__cdecl	undefined	10	false	\N	false	100059e0-10005c49	\N	\N	undefined __cdecl FUN_100059e0(float * param_1, float param_2, float param_3, float param_4, float param_5, float param_6, float * param_7, float * param_8, float * param_9, float * param_10)
10006120	FUN_10006120	FUN_10006120	Global	DEFAULT	ANALYSIS	__cdecl	undefined	1	false	\N	false	10006120-10006596	\N	\N	undefined __cdecl FUN_10006120(int param_1)
100065a0	FUN_100065a0	FUN_100065a0	Global	DEFAULT	ANALYSIS	__cdecl	undefined	2	false	\N	false	100065a0-10006680	\N	\N	undefined __cdecl FUN_100065a0(int param_1, int param_2)
10006690	FUN_10006690	FUN_10006690	Global	DEFAULT	ANALYSIS	__cdecl	int	5	false	\N	false	10006690-10006737	\N	\N	int __cdecl FUN_10006690(int * param_1, int param_2, int param_3, int param_4, int param_5)
10006740	FUN_10006740	FUN_10006740	Global	DEFAULT	ANALYSIS	__cdecl	undefined	7	false	\N	false	10006740-10006c4e	\N	\N	undefined __cdecl FUN_10006740(int * param_1, int * param_2, int param_3, float * param_4, float * param_5, undefined4 param_6, float * param_7)
10007450	detect_winsys	detect_winsys	Global	IMPORTED	ANALYSIS	__cdecl	undefined4	2	false	\N	false	10007450-10007577	\N	\N	undefined4 __cdecl detect_winsys(undefined4 * param_1, undefined4 * param_2)
10007580	process_exit	process_exit	Global	IMPORTED	ANALYSIS	__stdcall	undefined	0	false	\N	false	10007580-100075a6	\N	\N	undefined __stdcall process_exit(void)
10007600	deallocate_winsys	deallocate_winsys	Global	ANALYSIS	IMPORTED	__cdecl	void	1	false	\N	false	10007600-10007620	void __cdecl deallocate_winsys(class Winsys *)	\N	void __cdecl deallocate_winsys(Winsys * param_1)
10007630	instantiate_winsys	instantiate_winsys	Global	IMPORTED	ANALYSIS	__cdecl	int	1	false	\N	false	10007630-1000785f	\N	\N	int __cdecl instantiate_winsys(int param_1)
10007860	FUN_10007860	FUN_10007860	Global	DEFAULT	ANALYSIS	__thiscall	undefined	3	false	\N	false	10007860-1000793a	\N	\N	undefined __thiscall FUN_10007860(int param_1, int param_2)
10007940	FUN_10007940	FUN_10007940	Global	DEFAULT	ANALYSIS	__thiscall	int *	2	false	\N	false	10007940-10007a5d	\N	\N	int * __thiscall FUN_10007940(int param_1)
10007a60	FUN_10007a60	FUN_10007a60	Global	DEFAULT	ANALYSIS	__thiscall	uint	3	false	\N	false	10007a60-10007bff	\N	\N	uint __thiscall FUN_10007a60(undefined4 * param_1, int param_2)
10007c00	FUN_10007c00	FUN_10007c00	Global	DEFAULT	ANALYSIS	__thiscall	undefined	2	false	\N	false	10007c00-10007c36	\N	\N	undefined __thiscall FUN_10007c00(undefined4 * param_1)
10007c40	FUN_10007c40	FUN_10007c40	Global	DEFAULT	ANALYSIS	__thiscall	uint	3	false	\N	false	10007c40-10007df1	\N	\N	uint __thiscall FUN_10007c40(undefined4 * param_1, int param_2)
10007e00	FUN_10007e00	FUN_10007e00	Global	DEFAULT	ANALYSIS	__thiscall	undefined	3	false	\N	false	10007e00-10007ea4	\N	\N	undefined __thiscall FUN_10007e00(char param_1, char param_2)
10007eb0	FUN_10007eb0	FUN_10007eb0	Global	DEFAULT	ANALYSIS	__fastcall	undefined	1	false	\N	false	10007eb0-10007f81	\N	\N	undefined __fastcall FUN_10007eb0(undefined4 * param_1)
10007f90	FUN_10007f90	FUN_10007f90	Global	DEFAULT	DEFAULT	unknown	undefined	0	false	\N	false	10007f90-1000800b	\N	\N	undefined FUN_10007f90()
10008010	FUN_10008010	FUN_10008010	Global	DEFAULT	ANALYSIS	__thiscall	undefined	3	false	\N	false	10008010-100080f7	\N	\N	undefined __thiscall FUN_10008010(uint param_1, int param_2)
10008120	FUN_10008120	FUN_10008120	Global	DEFAULT	ANALYSIS	__fastcall	undefined	1	false	\N	false	10008120-1000815c	\N	\N	undefined __fastcall FUN_10008120(int param_1)
10008160	FUN_10008160	FUN_10008160	Global	DEFAULT	ANALYSIS	__thiscall	undefined4	3	false	\N	false	10008160-10008355	\N	\N	undefined4 __thiscall FUN_10008160(int * param_1, int param_2)
10008360	FUN_10008360	FUN_10008360	Global	DEFAULT	ANALYSIS	__fastcall	undefined	1	false	\N	false	10008360-100083dd	\N	\N	undefined __fastcall FUN_10008360(int param_1)
100083e0	FUN_100083e0	FUN_100083e0	Global	DEFAULT	ANALYSIS	__thiscall	undefined4	4	false	\N	false	100083e0-10008622	\N	\N	undefined4 __thiscall FUN_100083e0(int param_1, int param_2, int param_3)
10008630	FUN_10008630	FUN_10008630	Global	DEFAULT	ANALYSIS	__fastcall	undefined	1	false	\N	false	10008630-100087a0	\N	\N	undefined __fastcall FUN_10008630(int param_1)
100087b0	FUN_100087b0	FUN_100087b0	Global	DEFAULT	ANALYSIS	__fastcall	int	1	false	\N	false	100087b0-10008868	\N	\N	int __fastcall FUN_100087b0(int param_1)
10008870	FUN_10008870	FUN_10008870	Global	DEFAULT	ANALYSIS	__stdcall	undefined	0	false	\N	false	10008870-10008870	\N	\N	undefined __stdcall FUN_10008870(void)
10008880	FUN_10008880	FUN_10008880	Global	DEFAULT	ANALYSIS	__fastcall	uint	1	false	\N	false	10008880-1000889e	\N	\N	uint __fastcall FUN_10008880(int param_1)
100088a0	FUN_100088a0	FUN_100088a0	Global	DEFAULT	ANALYSIS	__fastcall	undefined4	1	false	\N	false	100088a0-100088a2	\N	\N	undefined4 __fastcall FUN_100088a0(undefined4 * param_1)
100088b0	grClipWindow	GLIDE2X.DLL::grClipWindow	GLIDE2X.DLL	DEFAULT	DEFAULT	__stdcall	undefined	0	true	GLIDE2X.DLL::grClipWindow	false	100088b0-100088b5	\N	\N	undefined __stdcall grClipWindow()
100088b6	grTexCalcMemRequired	GLIDE2X.DLL::grTexCalcMemRequired	GLIDE2X.DLL	DEFAULT	DEFAULT	__stdcall	undefined	0	true	GLIDE2X.DLL::grTexCalcMemRequired	false	100088b6-100088bb	\N	\N	undefined __stdcall grTexCalcMemRequired()
100088bc	grGlideSetState	GLIDE2X.DLL::grGlideSetState	GLIDE2X.DLL	DEFAULT	DEFAULT	__stdcall	undefined	0	true	GLIDE2X.DLL::grGlideSetState	false	100088bc-100088c1	\N	\N	undefined __stdcall grGlideSetState()
100088c2	grTexDownloadTable	GLIDE2X.DLL::grTexDownloadTable	GLIDE2X.DLL	DEFAULT	DEFAULT	__stdcall	undefined	0	true	GLIDE2X.DLL::grTexDownloadTable	false	100088c2-100088c7	\N	\N	undefined __stdcall grTexDownloadTable()
100088c8	grChromakeyValue	GLIDE2X.DLL::grChromakeyValue	GLIDE2X.DLL	DEFAULT	DEFAULT	__stdcall	undefined	0	true	GLIDE2X.DLL::grChromakeyValue	false	100088c8-100088cd	\N	\N	undefined __stdcall grChromakeyValue()
100088ce	grChromakeyMode	GLIDE2X.DLL::grChromakeyMode	GLIDE2X.DLL	DEFAULT	DEFAULT	__stdcall	undefined	0	true	GLIDE2X.DLL::grChromakeyMode	false	100088ce-100088d3	\N	\N	undefined __stdcall grChromakeyMode()
100088d4	grTexClampMode	GLIDE2X.DLL::grTexClampMode	GLIDE2X.DLL	DEFAULT	DEFAULT	__stdcall	undefined	0	true	GLIDE2X.DLL::grTexClampMode	false	100088d4-100088d9	\N	\N	undefined __stdcall grTexClampMode()
100088da	grTexMipMapMode	GLIDE2X.DLL::grTexMipMapMode	GLIDE2X.DLL	DEFAULT	DEFAULT	__stdcall	undefined	0	true	GLIDE2X.DLL::grTexMipMapMode	false	100088da-100088df	\N	\N	undefined __stdcall grTexMipMapMode()
100088e0	grTexFilterMode	GLIDE2X.DLL::grTexFilterMode	GLIDE2X.DLL	DEFAULT	DEFAULT	__stdcall	undefined	0	true	GLIDE2X.DLL::grTexFilterMode	false	100088e0-100088e5	\N	\N	undefined __stdcall grTexFilterMode()
100088e6	grAlphaTestReferenceValue	GLIDE2X.DLL::grAlphaTestReferenceValue	GLIDE2X.DLL	DEFAULT	DEFAULT	__stdcall	undefined	0	true	GLIDE2X.DLL::grAlphaTestReferenceValue	false	100088e6-100088eb	\N	\N	undefined __stdcall grAlphaTestReferenceValue()
100088ec	grAlphaTestFunction	GLIDE2X.DLL::grAlphaTestFunction	GLIDE2X.DLL	DEFAULT	DEFAULT	__stdcall	undefined	0	true	GLIDE2X.DLL::grAlphaTestFunction	false	100088ec-100088f1	\N	\N	undefined __stdcall grAlphaTestFunction()
100088f2	grTexCombine	GLIDE2X.DLL::grTexCombine	GLIDE2X.DLL	DEFAULT	DEFAULT	__stdcall	undefined	0	true	GLIDE2X.DLL::grTexCombine	false	100088f2-100088f7	\N	\N	undefined __stdcall grTexCombine()
100088f8	grFogColorValue	GLIDE2X.DLL::grFogColorValue	GLIDE2X.DLL	DEFAULT	DEFAULT	__stdcall	undefined	0	true	GLIDE2X.DLL::grFogColorValue	false	100088f8-100088fd	\N	\N	undefined __stdcall grFogColorValue()
100088fe	grAlphaCombine	GLIDE2X.DLL::grAlphaCombine	GLIDE2X.DLL	DEFAULT	DEFAULT	__stdcall	undefined	0	true	GLIDE2X.DLL::grAlphaCombine	false	100088fe-10008903	\N	\N	undefined __stdcall grAlphaCombine()
10008904	grConstantColorValue	GLIDE2X.DLL::grConstantColorValue	GLIDE2X.DLL	DEFAULT	DEFAULT	__stdcall	undefined	0	true	GLIDE2X.DLL::grConstantColorValue	false	10008904-10008909	\N	\N	undefined __stdcall grConstantColorValue()
1000890a	grColorCombine	GLIDE2X.DLL::grColorCombine	GLIDE2X.DLL	DEFAULT	DEFAULT	__stdcall	undefined	0	true	GLIDE2X.DLL::grColorCombine	false	1000890a-1000890f	\N	\N	undefined __stdcall grColorCombine()
10008910	grAlphaBlendFunction	GLIDE2X.DLL::grAlphaBlendFunction	GLIDE2X.DLL	DEFAULT	DEFAULT	__stdcall	undefined	0	true	GLIDE2X.DLL::grAlphaBlendFunction	false	10008910-10008915	\N	\N	undefined __stdcall grAlphaBlendFunction()
10008916	grGlideGetState	GLIDE2X.DLL::grGlideGetState	GLIDE2X.DLL	DEFAULT	DEFAULT	__stdcall	undefined	0	true	GLIDE2X.DLL::grGlideGetState	false	10008916-1000891b	\N	\N	undefined __stdcall grGlideGetState()
1000891c	grFogMode	GLIDE2X.DLL::grFogMode	GLIDE2X.DLL	DEFAULT	DEFAULT	__stdcall	undefined	0	true	GLIDE2X.DLL::grFogMode	false	1000891c-10008921	\N	\N	undefined __stdcall grFogMode()
10008922	grDepthMask	GLIDE2X.DLL::grDepthMask	GLIDE2X.DLL	DEFAULT	DEFAULT	__stdcall	undefined	0	true	GLIDE2X.DLL::grDepthMask	false	10008922-10008927	\N	\N	undefined __stdcall grDepthMask()
10008928	grDepthBufferFunction	GLIDE2X.DLL::grDepthBufferFunction	GLIDE2X.DLL	DEFAULT	DEFAULT	__stdcall	undefined	0	true	GLIDE2X.DLL::grDepthBufferFunction	false	10008928-1000892d	\N	\N	undefined __stdcall grDepthBufferFunction()
1000892e	grDepthBufferMode	GLIDE2X.DLL::grDepthBufferMode	GLIDE2X.DLL	DEFAULT	DEFAULT	__stdcall	undefined	0	true	GLIDE2X.DLL::grDepthBufferMode	false	1000892e-10008933	\N	\N	undefined __stdcall grDepthBufferMode()
10008934	grCullMode	GLIDE2X.DLL::grCullMode	GLIDE2X.DLL	DEFAULT	DEFAULT	__stdcall	undefined	0	true	GLIDE2X.DLL::grCullMode	false	10008934-10008939	\N	\N	undefined __stdcall grCullMode()
1000893a	grRenderBuffer	GLIDE2X.DLL::grRenderBuffer	GLIDE2X.DLL	DEFAULT	DEFAULT	__stdcall	undefined	0	true	GLIDE2X.DLL::grRenderBuffer	false	1000893a-1000893f	\N	\N	undefined __stdcall grRenderBuffer()
10008940	grHints	GLIDE2X.DLL::grHints	GLIDE2X.DLL	DEFAULT	DEFAULT	__stdcall	undefined	0	true	GLIDE2X.DLL::grHints	false	10008940-10008945	\N	\N	undefined __stdcall grHints()
10008946	grDisableAllEffects	GLIDE2X.DLL::grDisableAllEffects	GLIDE2X.DLL	DEFAULT	DEFAULT	__stdcall	undefined	0	true	GLIDE2X.DLL::grDisableAllEffects	false	10008946-1000894b	\N	\N	undefined __stdcall grDisableAllEffects()
1000894c	grErrorSetCallback	GLIDE2X.DLL::grErrorSetCallback	GLIDE2X.DLL	DEFAULT	DEFAULT	__stdcall	undefined	0	true	GLIDE2X.DLL::grErrorSetCallback	false	1000894c-10008951	\N	\N	undefined __stdcall grErrorSetCallback()
10008952	grSstWinOpen	GLIDE2X.DLL::grSstWinOpen	GLIDE2X.DLL	DEFAULT	DEFAULT	__stdcall	undefined	0	true	GLIDE2X.DLL::grSstWinOpen	false	10008952-10008957	\N	\N	undefined __stdcall grSstWinOpen()
10008958	grSstSelect	GLIDE2X.DLL::grSstSelect	GLIDE2X.DLL	DEFAULT	DEFAULT	__stdcall	undefined	0	true	GLIDE2X.DLL::grSstSelect	false	10008958-1000895d	\N	\N	undefined __stdcall grSstSelect()
1000895e	grBufferClear	GLIDE2X.DLL::grBufferClear	GLIDE2X.DLL	DEFAULT	DEFAULT	__stdcall	undefined	0	true	GLIDE2X.DLL::grBufferClear	false	1000895e-10008963	\N	\N	undefined __stdcall grBufferClear()
10008964	grSstIdle	GLIDE2X.DLL::grSstIdle	GLIDE2X.DLL	DEFAULT	DEFAULT	__stdcall	undefined	0	true	GLIDE2X.DLL::grSstIdle	false	10008964-10008969	\N	\N	undefined __stdcall grSstIdle()
1000896a	grBufferSwap	GLIDE2X.DLL::grBufferSwap	GLIDE2X.DLL	DEFAULT	DEFAULT	__stdcall	undefined	0	true	GLIDE2X.DLL::grBufferSwap	false	1000896a-1000896f	\N	\N	undefined __stdcall grBufferSwap()
10008970	grSstWinClose	GLIDE2X.DLL::grSstWinClose	GLIDE2X.DLL	DEFAULT	DEFAULT	__stdcall	undefined	0	true	GLIDE2X.DLL::grSstWinClose	false	10008970-10008975	\N	\N	undefined __stdcall grSstWinClose()
10008976	grDrawTriangle	GLIDE2X.DLL::grDrawTriangle	GLIDE2X.DLL	DEFAULT	DEFAULT	__stdcall	undefined	0	true	GLIDE2X.DLL::grDrawTriangle	false	10008976-1000897b	\N	\N	undefined __stdcall grDrawTriangle()
1000897c	grAADrawLine	GLIDE2X.DLL::grAADrawLine	GLIDE2X.DLL	DEFAULT	DEFAULT	__stdcall	undefined	0	true	GLIDE2X.DLL::grAADrawLine	false	1000897c-10008981	\N	\N	undefined __stdcall grAADrawLine()
10008982	grDrawPoint	GLIDE2X.DLL::grDrawPoint	GLIDE2X.DLL	DEFAULT	DEFAULT	__stdcall	undefined	0	true	GLIDE2X.DLL::grDrawPoint	false	10008982-10008987	\N	\N	undefined __stdcall grDrawPoint()
10008988	grAADrawPoint	GLIDE2X.DLL::grAADrawPoint	GLIDE2X.DLL	DEFAULT	DEFAULT	__stdcall	undefined	0	true	GLIDE2X.DLL::grAADrawPoint	false	10008988-1000898d	\N	\N	undefined __stdcall grAADrawPoint()
1000898e	grDrawPolygonVertexList	GLIDE2X.DLL::grDrawPolygonVertexList	GLIDE2X.DLL	DEFAULT	DEFAULT	__stdcall	undefined	0	true	GLIDE2X.DLL::grDrawPolygonVertexList	false	1000898e-10008993	\N	\N	undefined __stdcall grDrawPolygonVertexList()
10008994	grTexSource	GLIDE2X.DLL::grTexSource	GLIDE2X.DLL	DEFAULT	DEFAULT	__stdcall	undefined	0	true	GLIDE2X.DLL::grTexSource	false	10008994-10008999	\N	\N	undefined __stdcall grTexSource()
1000899a	grLfbReadRegion	GLIDE2X.DLL::grLfbReadRegion	GLIDE2X.DLL	DEFAULT	DEFAULT	__stdcall	undefined	0	true	GLIDE2X.DLL::grLfbReadRegion	false	1000899a-1000899f	\N	\N	undefined __stdcall grLfbReadRegion()
100089a0	grSstQueryHardware	GLIDE2X.DLL::grSstQueryHardware	GLIDE2X.DLL	DEFAULT	DEFAULT	__stdcall	undefined	0	true	GLIDE2X.DLL::grSstQueryHardware	false	100089a0-100089a5	\N	\N	undefined __stdcall grSstQueryHardware()
100089a6	grGlideInit	GLIDE2X.DLL::grGlideInit	GLIDE2X.DLL	DEFAULT	DEFAULT	__stdcall	undefined	0	true	GLIDE2X.DLL::grGlideInit	false	100089a6-100089ab	\N	\N	undefined __stdcall grGlideInit()
100089ac	grSstQueryBoards	GLIDE2X.DLL::grSstQueryBoards	GLIDE2X.DLL	DEFAULT	DEFAULT	__stdcall	undefined	0	true	GLIDE2X.DLL::grSstQueryBoards	false	100089ac-100089b1	\N	\N	undefined __stdcall grSstQueryBoards()
100089b2	grGlideShutdown	GLIDE2X.DLL::grGlideShutdown	GLIDE2X.DLL	DEFAULT	DEFAULT	__stdcall	undefined	0	true	GLIDE2X.DLL::grGlideShutdown	false	100089b2-100089b7	\N	\N	undefined __stdcall grGlideShutdown()
100089b8	grTexMaxAddress	GLIDE2X.DLL::grTexMaxAddress	GLIDE2X.DLL	DEFAULT	DEFAULT	__stdcall	undefined	0	true	GLIDE2X.DLL::grTexMaxAddress	false	100089b8-100089bd	\N	\N	undefined __stdcall grTexMaxAddress()
100089be	grTexMinAddress	GLIDE2X.DLL::grTexMinAddress	GLIDE2X.DLL	DEFAULT	DEFAULT	__stdcall	undefined	0	true	GLIDE2X.DLL::grTexMinAddress	false	100089be-100089c3	\N	\N	undefined __stdcall grTexMinAddress()
100089c4	grTexDownloadMipMap	GLIDE2X.DLL::grTexDownloadMipMap	GLIDE2X.DLL	DEFAULT	DEFAULT	__stdcall	undefined	0	true	GLIDE2X.DLL::grTexDownloadMipMap	false	100089c4-100089c9	\N	\N	undefined __stdcall grTexDownloadMipMap()
100089d0	FUN_100089d0	FUN_100089d0	Global	DEFAULT	ANALYSIS	__thiscall	int *	3	false	\N	false	100089d0-10008a41	\N	\N	int * __thiscall FUN_100089d0(int param_1, int param_2)
10008a50	FUN_10008a50	FUN_10008a50	Global	DEFAULT	ANALYSIS	__fastcall	undefined	1	false	\N	false	10008a50-10008b04	\N	\N	undefined __fastcall FUN_10008a50(int * param_1)
10008b10	FUN_10008b10	FUN_10008b10	Global	DEFAULT	ANALYSIS	__fastcall	undefined	1	false	\N	false	10008b10-10008bc6	\N	\N	undefined __fastcall FUN_10008b10(int * param_1)
10008bd0	FUN_10008bd0	FUN_10008bd0	Global	DEFAULT	ANALYSIS	__fastcall	undefined	1	false	\N	false	10008bd0-10008bf5	\N	\N	undefined __fastcall FUN_10008bd0(int * param_1)
10008c00	FUN_10008c00	FUN_10008c00	Global	DEFAULT	ANALYSIS	__thiscall	undefined	2	false	\N	false	10008c00-10008c63	\N	\N	undefined __thiscall FUN_10008c00(int param_1)
10008c70	FUN_10008c70	FUN_10008c70	Global	DEFAULT	ANALYSIS	__thiscall	undefined	2	false	\N	false	10008c70-10008c92	\N	\N	undefined __thiscall FUN_10008c70(int param_1)
10008ca0	FUN_10008ca0	FUN_10008ca0	Global	DEFAULT	ANALYSIS	__thiscall	undefined	3	false	\N	false	10008ca0-10008d02	\N	\N	undefined __thiscall FUN_10008ca0(float * param_1, float * param_2)
10008d10	FUN_10008d10	FUN_10008d10	Global	DEFAULT	ANALYSIS	__fastcall	undefined	1	false	\N	false	10008d10-10008d1c	\N	\N	undefined __fastcall FUN_10008d10(undefined4 * param_1)
10008d20	FUN_10008d20	FUN_10008d20	Global	DEFAULT	ANALYSIS	__fastcall	undefined	1	false	\N	false	10008d20-10008d3a	\N	\N	undefined __fastcall FUN_10008d20(int param_1)
10008d40	FUN_10008d40	FUN_10008d40	Global	DEFAULT	ANALYSIS	__thiscall	undefined	2	false	\N	false	10008d40-10008d80	\N	\N	undefined __thiscall FUN_10008d40(undefined4 param_1)
10008d90	FUN_10008d90	FUN_10008d90	Global	DEFAULT	ANALYSIS	__thiscall	undefined4	2	false	\N	false	10008d90-10008de0	\N	\N	undefined4 __thiscall FUN_10008d90(int param_1)
10008df0	FUN_10008df0	FUN_10008df0	Global	DEFAULT	ANALYSIS	__fastcall	int	1	false	\N	false	10008df0-10008e35	\N	\N	int __fastcall FUN_10008df0(int * param_1)
10008e40	FUN_10008e40	FUN_10008e40	Global	DEFAULT	ANALYSIS	__stdcall	undefined	0	false	\N	false	10008e40-10008e56	\N	\N	undefined __stdcall FUN_10008e40(void)
10008e58	FUN_10008e58	FUN_10008e58	Global	DEFAULT	ANALYSIS	__stdcall	undefined	0	false	\N	false	10008e58-10008e8f	\N	\N	undefined __stdcall FUN_10008e58(void)
10008e90	__ftol	__ftol	Global	ANALYSIS	ANALYSIS	__stdcall	longlong	0	false	\N	false	10008e90-10008eb6	Library Function - Single Match\n __ftol\n\nLibrary: Visual Studio	\N	longlong __stdcall __ftol(void)
10008eb7	FUN_10008eb7	FUN_10008eb7	Global	DEFAULT	ANALYSIS	__stdcall	undefined	4	false	\N	false	10008eb7-10008f1e	\N	\N	undefined __stdcall FUN_10008eb7(undefined4 param_1, undefined4 param_2, int param_3, undefined * param_4)
10008f1f	FUN_10008f1f	FUN_10008f1f	Global	DEFAULT	ANALYSIS	__stdcall	undefined	0	false	\N	false	10008f1f-10008f36	\N	\N	undefined __stdcall FUN_10008f1f(void)
10008f37	FUN_10008f37	FUN_10008f37	Global	DEFAULT	ANALYSIS	__stdcall	undefined	4	false	\N	false	10008f37-10008f72;10008f80-10008f94	\N	\N	undefined __stdcall FUN_10008f37(undefined4 param_1, undefined4 param_2, int param_3, undefined * param_4)
10008fab	FUN_10008fab	FUN_10008fab	Global	DEFAULT	ANALYSIS	__stdcall	undefined	4	false	\N	false	10008fab-10009014	\N	\N	undefined __stdcall FUN_10008fab(undefined4 param_1, undefined4 param_2, int param_3, undefined * param_4)
10009015	FUN_10009015	FUN_10009015	Global	DEFAULT	ANALYSIS	__stdcall	undefined	0	false	\N	false	10009015-1000902c	\N	\N	undefined __stdcall FUN_10009015(void)
1000902d	FUN_1000902d	FUN_1000902d	Global	DEFAULT	ANALYSIS	__stdcall	undefined	1	false	\N	false	1000902d-10009059	\N	\N	undefined __stdcall FUN_1000902d(undefined * UNRECOVERED_JUMPTABLE)
10009061	FUN_10009061	FUN_10009061	Global	DEFAULT	ANALYSIS	__stdcall	undefined	2	false	\N	false	10009061-10009067	\N	\N	undefined __stdcall FUN_10009061(undefined4 param_1, undefined * UNRECOVERED_JUMPTABLE)
10009068	FUN_10009068	FUN_10009068	Global	DEFAULT	ANALYSIS	__stdcall	undefined	2	false	\N	false	10009068-1000906e	\N	\N	undefined __stdcall FUN_10009068(undefined4 param_1, undefined * UNRECOVERED_JUMPTABLE)
1000906f	FUN_1000906f	FUN_1000906f	Global	DEFAULT	ANALYSIS	__stdcall	undefined	2	false	\N	false	1000906f-100090bd	\N	\N	undefined __stdcall FUN_1000906f(PVOID param_1, PEXCEPTION_RECORD param_2)
100090be	FUN_100090be	FUN_100090be	Global	DEFAULT	ANALYSIS	__cdecl	undefined4	4	false	\N	false	100090be-100090f3	\N	\N	undefined4 __cdecl FUN_100090be(PEXCEPTION_RECORD param_1, PVOID param_2, DWORD param_3, undefined4 param_4)
100090f4	FUN_100090f4	FUN_100090f4	Global	DEFAULT	ANALYSIS	__cdecl	undefined4	5	false	\N	false	100090f4-10009147	\N	\N	undefined4 __cdecl FUN_100090f4(undefined4 param_1, undefined4 param_2, undefined4 param_3, int param_4, int param_5)
10009148	FUN_10009148	FUN_10009148	Global	DEFAULT	ANALYSIS	__cdecl	undefined	3	false	\N	false	10009148-1000916c	\N	\N	undefined __cdecl FUN_10009148(PEXCEPTION_RECORD param_1, PVOID param_2, DWORD param_3)
1000916d	FUN_1000916d	FUN_1000916d	Global	DEFAULT	ANALYSIS	__cdecl	undefined4	7	false	\N	false	1000916d-10009222	\N	\N	undefined4 __cdecl FUN_1000916d(undefined4 * param_1, undefined4 param_2, undefined4 param_3, undefined4 param_4, undefined4 param_5, undefined4 param_6, undefined4 param_7)
10009223	FUN_10009223	FUN_10009223	Global	DEFAULT	ANALYSIS	__cdecl	undefined4	3	false	\N	false	10009223-1000928f;10009293-10009297	\N	\N	undefined4 __cdecl FUN_10009223(PEXCEPTION_RECORD param_1, PVOID param_2, DWORD param_3)
10009298	FUN_10009298	FUN_10009298	Global	DEFAULT	ANALYSIS	__cdecl	int	5	false	\N	false	10009298-10009312	\N	\N	int __cdecl FUN_10009298(int param_1, int param_2, int param_3, uint * param_4, uint * param_5)
10009314	__global_unwind2	__global_unwind2	Global	ANALYSIS	ANALYSIS	__cdecl	undefined	1	false	\N	false	10009314-10009333	Library Function - Single Match\n __global_unwind2\n\nLibrary: Visual Studio	\N	undefined __cdecl __global_unwind2(PVOID param_1)
10009356	__local_unwind2	__local_unwind2	Global	ANALYSIS	ANALYSIS	__cdecl	undefined	2	false	\N	false	10009356-100093bd	Library Function - Single Match\n __local_unwind2\n\nLibraries: Visual Studio 1998 Debug, Visual Studio 1998 Release, Visual Studio 2003 Debug, Visual Studio 2003 Release	\N	undefined __cdecl __local_unwind2(int param_1, int param_2)
100093be	__abnormal_termination	__abnormal_termination	Global	ANALYSIS	IMPORTED	__cdecl	int	0	false	\N	false	100093be-100093e0	Library Function - Single Match\n __abnormal_termination\n\nLibrary: Visual Studio	\N	int __cdecl __abnormal_termination(void)
100093e1	__NLG_Notify1	__NLG_Notify1	Global	ANALYSIS	ANALYSIS	__fastcall	undefined	1	false	\N	false	100093e1-100093e9	Library Function - Single Match\n __NLG_Notify1\n\nLibraries: Visual Studio 2017 Debug, Visual Studio 2017 Release, Visual Studio 2019 Debug, Visual Studio 2019 Release	\N	undefined __fastcall __NLG_Notify1(undefined4 param_1)
100093ea	FUN_100093ea	FUN_100093ea	Global	DEFAULT	ANALYSIS	__stdcall	undefined	0	false	\N	false	100093ea-10009401	\N	\N	undefined __stdcall FUN_100093ea(void)
10009402	_rand	_rand	Global	ANALYSIS	IMPORTED	__cdecl	int	0	false	\N	false	10009402-10009423	Library Function - Single Match\n _rand\n\nLibraries: Visual Studio 2003 Release, Visual Studio 2005 Release, Visual Studio 2008 Release	\N	int __cdecl _rand(void)
10009424	FUN_10009424	FUN_10009424	Global	DEFAULT	ANALYSIS	__stdcall	undefined	0	false	\N	false	10009424-10009450	\N	\N	undefined __stdcall FUN_10009424(void)
10009451	FUN_10009451	FUN_10009451	Global	DEFAULT	ANALYSIS	__cdecl	undefined	1	false	\N	false	10009451-10009461	\N	\N	undefined __cdecl FUN_10009451(UINT param_1)
10009462	__exit	__exit	Global	ANALYSIS	IMPORTED	__cdecl	void	1	false	\N	false	10009462-10009472	Library Function - Single Match\n __exit\n\nLibrary: Visual Studio 2003 Release	\N	void __cdecl __exit(int _Code)
10009473	FUN_10009473	FUN_10009473	Global	DEFAULT	ANALYSIS	__stdcall	undefined	0	false	\N	false	10009473-10009481	\N	\N	undefined __stdcall FUN_10009473(void)
10009482	FUN_10009482	FUN_10009482	Global	DEFAULT	ANALYSIS	__cdecl	undefined	3	false	\N	false	10009482-10009524	\N	\N	undefined __cdecl FUN_10009482(UINT param_1, int param_2, int param_3)
10009527	FUN_10009527	FUN_10009527	Global	DEFAULT	ANALYSIS	__stdcall	undefined	0	false	\N	false	10009527-1000952f	\N	\N	undefined __stdcall FUN_10009527(void)
10009530	FUN_10009530	FUN_10009530	Global	DEFAULT	ANALYSIS	__stdcall	undefined	0	false	\N	false	10009530-10009538	\N	\N	undefined __stdcall FUN_10009530(void)
10009539	FUN_10009539	FUN_10009539	Global	DEFAULT	ANALYSIS	__cdecl	undefined	2	false	\N	false	10009539-10009552	\N	\N	undefined __cdecl FUN_10009539(undefined4 * param_1, undefined4 * param_2)
10009553	FUN_10009553	FUN_10009553	Global	DEFAULT	ANALYSIS	__stdcall	undefined4	2	false	\N	false	10009553-1000962b	\N	\N	undefined4 __stdcall FUN_10009553(undefined4 param_1, int param_2)
1000962c	entry	entry	Global	IMPORTED	ANALYSIS	__stdcall	int	3	false	\N	false	1000962c-100096c8	\N	\N	int __stdcall entry(undefined4 param_1, int param_2, undefined4 param_3)
100096c9	__amsg_exit	__amsg_exit	Global	ANALYSIS	IMPORTED	__cdecl	void	1	false	\N	false	100096c9-100096f8	Library Function - Single Match\n __amsg_exit\n\nLibrary: Visual Studio 2003 Release	\N	void __cdecl __amsg_exit(int param_1)
10009700	FUN_10009700	FUN_10009700	Global	DEFAULT	ANALYSIS	__stdcall	undefined	0	false	\N	false	10009700-10009713	\N	\N	undefined __stdcall FUN_10009700(void)
1000971d	FUN_1000971d	FUN_1000971d	Global	DEFAULT	ANALYSIS	__cdecl	undefined	2	false	\N	false	1000971d-100097ca;1000b99e-1000b9aa	\N	\N	undefined __cdecl FUN_1000971d(int param_1, uint param_2)
10009887	FUN_10009887	FUN_10009887	Global	DEFAULT	ANALYSIS	__cdecl	undefined	1	false	\N	false	10009887-100098b5	\N	\N	undefined __cdecl FUN_10009887(uint param_1)
100098b6	FUN_100098b6	FUN_100098b6	Global	DEFAULT	ANALYSIS	__cdecl	undefined	2	false	\N	false	100098b6-100098d8	\N	\N	undefined __cdecl FUN_100098b6(int param_1, int param_2)
100098d9	FUN_100098d9	FUN_100098d9	Global	DEFAULT	ANALYSIS	__cdecl	undefined	1	false	\N	false	100098d9-10009907	\N	\N	undefined __cdecl FUN_100098d9(uint param_1)
10009908	FUN_10009908	FUN_10009908	Global	DEFAULT	ANALYSIS	__cdecl	undefined	2	false	\N	false	10009908-1000992a	\N	\N	undefined __cdecl FUN_10009908(int param_1, int param_2)
1000992b	_malloc	_malloc	Global	ANALYSIS	IMPORTED	__cdecl	void *	1	false	\N	false	1000992b-1000993c	Library Function - Single Match\n _malloc\n\nLibrary: Visual Studio 2003 Release	\N	void * __cdecl _malloc(size_t _Size)
1000993d	__nh_malloc	__nh_malloc	Global	ANALYSIS	IMPORTED	__cdecl	void *	2	false	\N	false	1000993d-10009968	Library Function - Single Match\n __nh_malloc\n\nLibrary: Visual Studio 2003 Release	\N	void * __cdecl __nh_malloc(size_t _Size, int _NhFlag)
10009969	FUN_10009969	FUN_10009969	Global	DEFAULT	ANALYSIS	__cdecl	undefined	1	false	\N	false	10009969-100099cf;100099d9-10009a2b;10009a38-10009a64	\N	\N	undefined __cdecl FUN_10009969(uint * param_1)
100099d0	FUN_100099d0	FUN_100099d0	Global	DEFAULT	ANALYSIS	__stdcall	undefined	0	false	\N	false	100099d0-100099d8	\N	\N	undefined __stdcall FUN_100099d0(void)
10009a2f	FUN_10009a2f	FUN_10009a2f	Global	DEFAULT	ANALYSIS	__stdcall	undefined	0	false	\N	false	10009a2f-10009a37	\N	\N	undefined __stdcall FUN_10009a2f(void)
10009a65	FUN_10009a65	FUN_10009a65	Global	DEFAULT	ANALYSIS	__cdecl	undefined	1	false	\N	false	10009a65-10009ace;10009ad8-10009b26;10009b30-10009b4d	\N	\N	undefined __cdecl FUN_10009a65(undefined * param_1)
10009acf	FUN_10009acf	FUN_10009acf	Global	DEFAULT	ANALYSIS	__stdcall	undefined	0	false	\N	false	10009acf-10009ad7	\N	\N	undefined __stdcall FUN_10009acf(void)
10009b27	FUN_10009b27	FUN_10009b27	Global	DEFAULT	ANALYSIS	__stdcall	undefined	0	false	\N	false	10009b27-10009b2f	\N	\N	undefined __stdcall FUN_10009b27(void)
10009b4e	FUN_10009b4e	FUN_10009b4e	Global	DEFAULT	ANALYSIS	__fastcall	undefined	1	false	\N	false	10009b4e-10009b5f	\N	\N	undefined __fastcall FUN_10009b4e(void * param_1)
10009b60	FUN_10009b60	FUN_10009b60	Global	DEFAULT	ANALYSIS	__stdcall	undefined4	0	false	\N	false	10009b60-10009b9d	\N	\N	undefined4 __stdcall FUN_10009b60(void)
10009b9e	FUN_10009b9e	FUN_10009b9e	Global	DEFAULT	ANALYSIS	__stdcall	undefined	0	false	\N	false	10009b9e-10009bc6	\N	\N	undefined __stdcall FUN_10009b9e(void)
10009bc7	FUN_10009bc7	FUN_10009bc7	Global	DEFAULT	ANALYSIS	__cdecl	undefined	1	false	\N	false	10009bc7-10009c20	\N	\N	undefined __cdecl FUN_10009bc7(char * param_1)
10009c87	__fassign	__fassign	Global	ANALYSIS	IMPORTED	__cdecl	void	3	false	\N	false	10009c87-10009cc4	Library Function - Single Match\n __fassign\n\nLibrary: Visual Studio 2003 Release	\N	void __cdecl __fassign(int flag, char * argument, char * number)
10009cc5	FUN_10009cc5	FUN_10009cc5	Global	DEFAULT	ANALYSIS	__cdecl	undefined1 *	4	false	\N	false	10009cc5-10009d25	\N	\N	undefined1 * __cdecl FUN_10009cc5(undefined8 * param_1, undefined1 * param_2, int param_3, int param_4)
10009d26	FUN_10009d26	FUN_10009d26	Global	DEFAULT	ANALYSIS	__cdecl	undefined1 *	5	false	\N	false	10009d26-10009de7	\N	\N	undefined1 * __cdecl FUN_10009d26(undefined1 * param_1, int param_2, int param_3, int * param_4, char param_5)
10009de8	FUN_10009de8	FUN_10009de8	Global	DEFAULT	ANALYSIS	__cdecl	char *	3	false	\N	false	10009de8-10009e3c	\N	\N	char * __cdecl FUN_10009de8(undefined8 * param_1, char * param_2, size_t param_3)
10009e3d	FUN_10009e3d	FUN_10009e3d	Global	DEFAULT	ANALYSIS	__cdecl	char *	4	false	\N	false	10009e3d-10009ee3	\N	\N	char * __cdecl FUN_10009e3d(char * param_1, size_t param_2, int * param_3, char param_4)
10009ee4	FUN_10009ee4	FUN_10009ee4	Global	DEFAULT	ANALYSIS	__cdecl	undefined	4	false	\N	false	10009ee4-10009f76	\N	\N	undefined __cdecl FUN_10009ee4(undefined8 * param_1, char * param_2, size_t param_3, int param_4)
10009f77	__cfltcvt	__cfltcvt	Global	ANALYSIS	IMPORTED	__cdecl	typedef errno_t int	6	false	\N	false	10009f77-10009fc7	Library Function - Single Match\n __cfltcvt\n\nLibrary: Visual Studio 2003 Release	\N	errno_t __cdecl __cfltcvt(double * arg, char * buffer, size_t sizeInBytes, int format, int precision, int caps)
10009fc8	FUN_10009fc8	FUN_10009fc8	Global	DEFAULT	ANALYSIS	__cdecl	undefined	2	false	\N	false	10009fc8-10009fec	\N	\N	undefined __cdecl FUN_10009fc8(char * param_1, int param_2)
1000a0b5	FUN_1000a0b5	FUN_1000a0b5	Global	DEFAULT	ANALYSIS	__stdcall	undefined	1	false	\N	false	1000a0b5-1000a0cf	\N	\N	undefined __stdcall FUN_1000a0b5(int param_1)
1000a0d0	FUN_1000a0d0	FUN_1000a0d0	Global	DEFAULT	ANALYSIS	__stdcall	undefined	0	false	\N	false	1000a0d0-1000a117;1000a123-1000a130	\N	\N	undefined __stdcall FUN_1000a0d0(void)
1000a131	FUN_1000a131	FUN_1000a131	Global	DEFAULT	ANALYSIS	__stdcall	undefined	0	false	\N	false	1000a131-1000a16d;1000a175-1000a186	\N	\N	undefined __stdcall FUN_1000a131(void)
1000a187	FUN_1000a187	FUN_1000a187	Global	DEFAULT	ANALYSIS	__cdecl	undefined4	8	false	\N	false	1000a187-1000a221	\N	\N	undefined4 __cdecl FUN_1000a187(PEXCEPTION_RECORD param_1, PVOID param_2, DWORD param_3, undefined4 param_4, int * param_5, int param_6, PVOID param_7, char param_8)
1000a222	FUN_1000a222	FUN_1000a222	Global	DEFAULT	ANALYSIS	__cdecl	undefined	8	false	\N	false	1000a222-1000a3d4	\N	\N	undefined __cdecl FUN_1000a222(PEXCEPTION_RECORD param_1, PVOID param_2, DWORD param_3, undefined4 param_4, int param_5, char param_6, int param_7, PVOID param_8)
1000a3d5	FUN_1000a3d5	FUN_1000a3d5	Global	DEFAULT	ANALYSIS	__cdecl	undefined	8	false	\N	false	1000a3d5-1000a47e	\N	\N	undefined __cdecl FUN_1000a3d5(PEXCEPTION_RECORD param_1, PVOID param_2, DWORD param_3, undefined4 param_4, int param_5, int param_6, int param_7, PVOID param_8)
1000a47f	FUN_1000a47f	FUN_1000a47f	Global	DEFAULT	ANALYSIS	__cdecl	undefined4	3	false	\N	false	1000a47f-1000a4db	\N	\N	undefined4 __cdecl FUN_1000a47f(byte * param_1, byte * param_2, uint * param_3)
1000a4dc	FUN_1000a4dc	FUN_1000a4dc	Global	DEFAULT	ANALYSIS	__cdecl	undefined	4	false	\N	false	1000a4dc-1000a542;1000a55d-1000a579	\N	\N	undefined __cdecl FUN_1000a4dc(int param_1, undefined4 param_2, int param_3, int param_4)
1000a57a	FUN_1000a57a	FUN_1000a57a	Global	DEFAULT	ANALYSIS	__cdecl	undefined	10	false	\N	false	1000a57a-1000a5f4	\N	\N	undefined __cdecl FUN_1000a57a(PEXCEPTION_RECORD param_1, PVOID param_2, DWORD param_3, undefined4 param_4, int param_5, byte * param_6, byte * param_7, int * param_8, int param_9, PVOID param_10)
1000a5f5	FUN_1000a5f5	FUN_1000a5f5	Global	DEFAULT	ANALYSIS	__cdecl	undefined4	7	false	\N	false	1000a5f5-1000a699	\N	\N	undefined4 __cdecl FUN_1000a5f5(DWORD param_1, undefined4 param_2, DWORD param_3, undefined4 param_4, undefined4 param_5, int param_6, int param_7)
1000a6c2	FUN_1000a6c2	FUN_1000a6c2	Global	DEFAULT	ANALYSIS	__stdcall	undefined	0	false	\N	false	1000a6c2-1000a70f	\N	\N	undefined __stdcall FUN_1000a6c2(void)
1000a73a	FUN_1000a73a	FUN_1000a73a	Global	DEFAULT	ANALYSIS	__cdecl	undefined	4	false	\N	false	1000a73a-1000a8f1	\N	\N	undefined __cdecl FUN_1000a73a(int param_1, int param_2, byte * param_3, byte * param_4)
1000a8fe	FUN_1000a8fe	FUN_1000a8fe	Global	DEFAULT	ANALYSIS	__cdecl	undefined	1	false	\N	false	1000a8fe-1000a953	\N	\N	undefined __cdecl FUN_1000a8fe(int param_1)
1000a965	FUN_1000a965	FUN_1000a965	Global	DEFAULT	ANALYSIS	__cdecl	int	2	false	\N	false	1000a965-1000a987	\N	\N	int __cdecl FUN_1000a965(int param_1, int * param_2)
1000a990	__CallSettingFrame@12	__CallSettingFrame@12	Global	ANALYSIS	ANALYSIS	__stdcall	undefined	3	false	\N	false	1000a990-1000a9db	Library Function - Single Match\n __CallSettingFrame@12\n\nLibraries: Visual Studio 2017 Debug, Visual Studio 2017 Release, Visual Studio 2019 Debug, Visual Studio 2019 Release	\N	undefined __stdcall __CallSettingFrame@12(undefined4 param_1, undefined4 param_2, int param_3)
1000a9dc	FUN_1000a9dc	FUN_1000a9dc	Global	DEFAULT	ANALYSIS	__stdcall	undefined4	0	false	\N	false	1000a9dc-1000aa2f	\N	\N	undefined4 __stdcall FUN_1000a9dc(void)
1000aa30	FUN_1000aa30	FUN_1000aa30	Global	DEFAULT	ANALYSIS	__stdcall	undefined	0	false	\N	false	1000aa30-1000aa4d	\N	\N	undefined __stdcall FUN_1000aa30(void)
1000aa4e	FUN_1000aa4e	FUN_1000aa4e	Global	DEFAULT	ANALYSIS	__cdecl	undefined	1	false	\N	false	1000aa4e-1000aa60	\N	\N	undefined __cdecl FUN_1000aa4e(int param_1)
1000aa61	FUN_1000aa61	FUN_1000aa61	Global	DEFAULT	ANALYSIS	__stdcall	DWORD *	0	false	\N	false	1000aa61-1000aac7	\N	\N	DWORD * __stdcall FUN_1000aa61(void)
1000aac8	FUN_1000aac8	FUN_1000aac8	Global	DEFAULT	ANALYSIS	__cdecl	undefined	1	false	\N	false	1000aac8-1000ab67	\N	\N	undefined __cdecl FUN_1000aac8(undefined * param_1)
1000ab68	FUN_1000ab68	FUN_1000ab68	Global	DEFAULT	ANALYSIS	__stdcall	undefined	0	false	\N	false	1000ab68-1000ab90	\N	\N	undefined __stdcall FUN_1000ab68(void)
1000ab91	FUN_1000ab91	FUN_1000ab91	Global	DEFAULT	ANALYSIS	__stdcall	undefined	0	false	\N	false	1000ab91-1000abfc	\N	\N	undefined __stdcall FUN_1000ab91(void)
1000abfd	FUN_1000abfd	FUN_1000abfd	Global	DEFAULT	ANALYSIS	__cdecl	undefined	1	false	\N	false	1000abfd-1000ac5d	\N	\N	undefined __cdecl FUN_1000abfd(int param_1)
1000ac5e	FUN_1000ac5e	FUN_1000ac5e	Global	DEFAULT	ANALYSIS	__cdecl	undefined	1	false	\N	false	1000ac5e-1000ac72	\N	\N	undefined __cdecl FUN_1000ac5e(int param_1)
1000ac73	FUN_1000ac73	FUN_1000ac73	Global	DEFAULT	ANALYSIS	__stdcall	undefined	0	false	\N	false	1000ac73-1000ae2e	\N	\N	undefined __stdcall FUN_1000ac73(void)
1000ae2f	FUN_1000ae2f	FUN_1000ae2f	Global	DEFAULT	ANALYSIS	__stdcall	undefined	0	false	\N	false	1000ae2f-1000ae82	\N	\N	undefined __stdcall FUN_1000ae2f(void)
1000ae83	FUN_1000ae83	FUN_1000ae83	Global	DEFAULT	ANALYSIS	__stdcall	undefined	0	false	\N	false	1000ae83-1000af3b	\N	\N	undefined __stdcall FUN_1000ae83(void)
1000af3c	FUN_1000af3c	FUN_1000af3c	Global	DEFAULT	ANALYSIS	__stdcall	undefined	0	false	\N	false	1000af3c-1000afd4	\N	\N	undefined __stdcall FUN_1000af3c(void)
1000afd5	FUN_1000afd5	FUN_1000afd5	Global	DEFAULT	ANALYSIS	__cdecl	undefined	5	false	\N	false	1000afd5-1000b188	\N	\N	undefined __cdecl FUN_1000afd5(byte * param_1, undefined4 * param_2, byte * param_3, int * param_4, int * param_5)
1000b189	FUN_1000b189	FUN_1000b189	Global	DEFAULT	ANALYSIS	__stdcall	typedef LPSTR CHAR *	0	false	\N	false	1000b189-1000b2ba	\N	\N	LPSTR __stdcall FUN_1000b189(void)
1000b2bb	FUN_1000b2bb	FUN_1000b2bb	Global	DEFAULT	ANALYSIS	__cdecl	undefined	1	false	\N	false	1000b2bb-1000b2e7	\N	\N	undefined __cdecl FUN_1000b2bb(undefined4 * param_1)
1000b2e8	FUN_1000b2e8	FUN_1000b2e8	Global	DEFAULT	ANALYSIS	__stdcall	int	0	false	\N	false	1000b2e8-1000b42f	\N	\N	int __stdcall FUN_1000b2e8(void)
1000b430	FUN_1000b430	FUN_1000b430	Global	DEFAULT	ANALYSIS	__cdecl	undefined4	1	false	\N	false	1000b430-1000b48c	\N	\N	undefined4 __cdecl FUN_1000b430(int param_1)
1000b48d	FUN_1000b48d	FUN_1000b48d	Global	DEFAULT	ANALYSIS	__stdcall	undefined	0	false	\N	false	1000b48d-1000b534	\N	\N	undefined __stdcall FUN_1000b48d(void)
1000b535	FUN_1000b535	FUN_1000b535	Global	DEFAULT	ANALYSIS	__stdcall	undefined4	0	false	\N	false	1000b535-1000b53a	\N	\N	undefined4 __stdcall FUN_1000b535(void)
1000b53b	FUN_1000b53b	FUN_1000b53b	Global	DEFAULT	ANALYSIS	__stdcall	undefined	0	false	\N	false	1000b53b-1000b573	\N	\N	undefined __stdcall FUN_1000b53b(void)
1000b574	FUN_1000b574	FUN_1000b574	Global	DEFAULT	ANALYSIS	__cdecl	undefined	1	false	\N	false	1000b574-1000b6c6	\N	\N	undefined __cdecl FUN_1000b574(DWORD param_1)
1000b8a0	FUN_1000b8a0	FUN_1000b8a0	Global	DEFAULT	ANALYSIS	__fastcall	float10	8	false	\N	false	1000b8a0-1000b8b6	\N	\N	float10 __fastcall FUN_1000b8a0(undefined4 param_1, undefined4 param_2, undefined2 param_3, undefined4 param_4, undefined4 param_5, undefined4 param_6, undefined4 param_7, undefined4 param_8)
1000b8b7	__startOneArgErrorHandling	__startOneArgErrorHandling	Global	ANALYSIS	ANALYSIS	__fastcall	float10	6	false	\N	false	1000b8b7-1000b8f2	Library Function - Single Match\n __startOneArgErrorHandling\n\nLibrary: Visual Studio	\N	float10 __fastcall __startOneArgErrorHandling(undefined4 param_1, uint param_2, ushort param_3, undefined4 param_4, undefined4 param_5, undefined4 param_6)
1000b915	FUN_1000b915	FUN_1000b915	Global	DEFAULT	ANALYSIS	__stdcall	undefined	0	false	\N	false	1000b915-1000b92b	\N	\N	undefined __stdcall FUN_1000b915(void)
1000b92c	FUN_1000b92c	FUN_1000b92c	Global	DEFAULT	ANALYSIS	__stdcall	undefined4	0	false	\N	false	1000b92c-1000b944	\N	\N	undefined4 __stdcall FUN_1000b92c(void)
1000b988	FUN_1000b988	FUN_1000b988	Global	DEFAULT	ANALYSIS	__cdecl	uint	2	false	\N	false	1000b988-1000b99d	\N	\N	uint __cdecl FUN_1000b988(undefined4 param_1, uint param_2)
1000b9ab	__math_exit	__math_exit	Global	ANALYSIS	ANALYSIS	__fastcall	undefined	5	false	\N	false	1000b9ab-1000b9d4	Library Function - Single Match\n __math_exit\n\nLibrary: Visual Studio	\N	undefined __fastcall __math_exit(undefined4 param_1, uint param_2, undefined4 param_3, undefined4 param_4, undefined4 param_5)
1000ba8c	FUN_1000ba8c	FUN_1000ba8c	Global	DEFAULT	ANALYSIS	__cdecl	int *	2	false	\N	false	1000ba8c-1000bb1f;1000bb2e-1000bba8;1000bbb7-1000bbc8	\N	\N	int * __cdecl FUN_1000ba8c(int param_1, int param_2)
1000bb25	FUN_1000bb25	FUN_1000bb25	Global	DEFAULT	ANALYSIS	__stdcall	undefined	0	false	\N	false	1000bb25-1000bb2d	\N	\N	undefined __stdcall FUN_1000bb25(void)
1000bbae	FUN_1000bbae	FUN_1000bbae	Global	DEFAULT	ANALYSIS	__stdcall	undefined	0	false	\N	false	1000bbae-1000bbb6	\N	\N	undefined __stdcall FUN_1000bbae(void)
1000bc4a	FUN_1000bc4a	FUN_1000bc4a	Global	DEFAULT	ANALYSIS	__cdecl	int	1	false	\N	false	1000bc4a-1000bc77	\N	\N	int __cdecl FUN_1000bc4a(int * param_1)
1000bc78	FUN_1000bc78	FUN_1000bc78	Global	DEFAULT	ANALYSIS	__cdecl	undefined4	1	false	\N	false	1000bc78-1000bcd3	\N	\N	undefined4 __cdecl FUN_1000bc78(int * param_1)
1000bcdd	FUN_1000bcdd	FUN_1000bcdd	Global	DEFAULT	ANALYSIS	__cdecl	int	1	false	\N	false	1000bcdd-1000bd80	\N	\N	int __cdecl FUN_1000bcdd(int param_1)
1000bd81	FUN_1000bd81	FUN_1000bd81	Global	DEFAULT	ANALYSIS	__cdecl	undefined4	1	false	\N	false	1000bd81-1000bd9b	\N	\N	undefined4 __cdecl FUN_1000bd81(undefined4 param_1)
1000bd9c	FUN_1000bd9c	FUN_1000bd9c	Global	DEFAULT	ANALYSIS	__cdecl	undefined4	1	false	\N	false	1000bd9c-1000bde3	\N	\N	undefined4 __cdecl FUN_1000bd9c(undefined4 param_1)
1000bde4	FUN_1000bde4	FUN_1000bde4	Global	DEFAULT	ANALYSIS	__cdecl	uint	1	false	\N	false	1000bde4-1000be0e	\N	\N	uint __cdecl FUN_1000bde4(int param_1)
1000be0f	FUN_1000be0f	FUN_1000be0f	Global	DEFAULT	ANALYSIS	__cdecl	undefined	2	false	\N	false	1000be0f-1000c137	\N	\N	undefined __cdecl FUN_1000be0f(uint * param_1, int param_2)
1000c138	FUN_1000c138	FUN_1000c138	Global	DEFAULT	ANALYSIS	__cdecl	int *	1	false	\N	false	1000c138-1000c440	\N	\N	int * __cdecl FUN_1000c138(uint * param_1)
1000c441	FUN_1000c441	FUN_1000c441	Global	DEFAULT	ANALYSIS	__stdcall	undefined4 *	0	false	\N	false	1000c441-1000c4f1	\N	\N	undefined4 * __stdcall FUN_1000c441(void)
1000c4f2	FUN_1000c4f2	FUN_1000c4f2	Global	DEFAULT	ANALYSIS	__cdecl	int	1	false	\N	false	1000c4f2-1000c5ec	\N	\N	int __cdecl FUN_1000c4f2(int param_1)
1000c5ed	FUN_1000c5ed	FUN_1000c5ed	Global	DEFAULT	ANALYSIS	__stdcall	undefined * *	0	false	\N	false	1000c5ed-1000c730	\N	\N	undefined * * __stdcall FUN_1000c5ed(void)
1000c731	FUN_1000c731	FUN_1000c731	Global	DEFAULT	ANALYSIS	__cdecl	undefined	1	false	\N	false	1000c731-1000c786	\N	\N	undefined __cdecl FUN_1000c731(undefined * * param_1)
1000c787	FUN_1000c787	FUN_1000c787	Global	DEFAULT	ANALYSIS	__cdecl	undefined	1	false	\N	false	1000c787-1000c848	\N	\N	undefined __cdecl FUN_1000c787(int param_1)
1000c849	FUN_1000c849	FUN_1000c849	Global	DEFAULT	ANALYSIS	__cdecl	int	3	false	\N	false	1000c849-1000c89f	\N	\N	int __cdecl FUN_1000c849(undefined * param_1, undefined4 * param_2, uint * param_3)
1000c8a0	FUN_1000c8a0	FUN_1000c8a0	Global	DEFAULT	ANALYSIS	__cdecl	undefined	3	false	\N	false	1000c8a0-1000c8e4	\N	\N	undefined __cdecl FUN_1000c8a0(int param_1, int param_2, byte * param_3)
1000c8e5	FUN_1000c8e5	FUN_1000c8e5	Global	DEFAULT	ANALYSIS	__cdecl	int *	1	false	\N	false	1000c8e5-1000caec	\N	\N	int * __cdecl FUN_1000c8e5(uint param_1)
1000caed	FUN_1000caed	FUN_1000caed	Global	DEFAULT	ANALYSIS	__cdecl	int	3	false	\N	false	1000caed-1000cc10	\N	\N	int __cdecl FUN_1000caed(int * param_1, uint param_2, uint param_3)
1000cc11	FUN_1000cc11	FUN_1000cc11	Global	DEFAULT	ANALYSIS	__thiscall	uint	3	false	\N	false	1000cc11-1000cc45	\N	\N	uint __thiscall FUN_1000cc11(uint param_1, uint param_2)
1000cc46	FUN_1000cc46	FUN_1000cc46	Global	DEFAULT	ANALYSIS	__thiscall	undefined	3	false	\N	false	1000cc46-1000cc5b	\N	\N	undefined __thiscall FUN_1000cc46(uint param_1, uint param_2)
1000cc5c	FUN_1000cc5c	FUN_1000cc5c	Global	DEFAULT	ANALYSIS	__cdecl	uint	1	false	\N	false	1000cc5c-1000cced	\N	\N	uint __cdecl FUN_1000cc5c(uint param_1)
1000ccee	FUN_1000ccee	FUN_1000ccee	Global	DEFAULT	ANALYSIS	__cdecl	uint	1	false	\N	false	1000ccee-1000cd76	\N	\N	uint __cdecl FUN_1000ccee(uint param_1)
1000cd77	FUN_1000cd77	FUN_1000cd77	Global	DEFAULT	ANALYSIS	__thiscall	uint	3	false	\N	false	1000cd77-1000cdeb	\N	\N	uint __thiscall FUN_1000cd77(int param_1, uint param_2)
1000cdec	FUN_1000cdec	FUN_1000cdec	Global	DEFAULT	ANALYSIS	__cdecl	uint	1	false	\N	false	1000cdec-1000ce5a	\N	\N	uint __cdecl FUN_1000cdec(uint param_1)
1000ce5b	FUN_1000ce5b	FUN_1000ce5b	Global	DEFAULT	ANALYSIS	__thiscall	uint	2	false	\N	false	1000ce5b-1000cf25	\N	\N	uint __thiscall FUN_1000ce5b(uint param_1)
1000cf26	FUN_1000cf26	FUN_1000cf26	Global	DEFAULT	ANALYSIS	__cdecl	undefined4	2	false	\N	false	1000cf26-1000cf6e	\N	\N	undefined4 __cdecl FUN_1000cf26(int param_1, int param_2)
1000cf6f	FUN_1000cf6f	FUN_1000cf6f	Global	DEFAULT	ANALYSIS	__cdecl	undefined	2	false	\N	false	1000cf6f-1000cfc4	\N	\N	undefined __cdecl FUN_1000cf6f(int param_1, int param_2)
1000cfc5	FUN_1000cfc5	FUN_1000cfc5	Global	DEFAULT	ANALYSIS	__cdecl	undefined4	2	false	\N	false	1000cfc5-1000d050	\N	\N	undefined4 __cdecl FUN_1000cfc5(int param_1, int param_2)
1000d051	FUN_1000d051	FUN_1000d051	Global	DEFAULT	ANALYSIS	__cdecl	undefined	2	false	\N	false	1000d051-1000d06b	\N	\N	undefined __cdecl FUN_1000d051(int param_1, undefined4 * param_2)
1000d06c	FUN_1000d06c	FUN_1000d06c	Global	DEFAULT	ANALYSIS	__cdecl	undefined	1	false	\N	false	1000d06c-1000d077	\N	\N	undefined __cdecl FUN_1000d06c(undefined4 * param_1)
1000d078	FUN_1000d078	FUN_1000d078	Global	DEFAULT	ANALYSIS	__cdecl	undefined4	1	false	\N	false	1000d078-1000d092	\N	\N	undefined4 __cdecl FUN_1000d078(int * param_1)
1000d093	FUN_1000d093	FUN_1000d093	Global	DEFAULT	ANALYSIS	__cdecl	undefined	2	false	\N	false	1000d093-1000d11f	\N	\N	undefined __cdecl FUN_1000d093(uint * param_1, uint param_2)
1000d120	FUN_1000d120	FUN_1000d120	Global	DEFAULT	ANALYSIS	__cdecl	undefined4	3	false	\N	false	1000d120-1000d28b	\N	\N	undefined4 __cdecl FUN_1000d120(ushort * param_1, uint * param_2, int * param_3)
1000d28c	FUN_1000d28c	FUN_1000d28c	Global	DEFAULT	ANALYSIS	__cdecl	undefined	2	false	\N	false	1000d28c-1000d2a1	\N	\N	undefined __cdecl FUN_1000d28c(ushort * param_1, uint * param_2)
1000d2a2	FUN_1000d2a2	FUN_1000d2a2	Global	DEFAULT	ANALYSIS	__cdecl	undefined	2	false	\N	false	1000d2a2-1000d2b7	\N	\N	undefined __cdecl FUN_1000d2a2(ushort * param_1, uint * param_2)
1000d2b8	FUN_1000d2b8	FUN_1000d2b8	Global	DEFAULT	ANALYSIS	__thiscall	undefined	3	false	\N	false	1000d2b8-1000d2e4	\N	\N	undefined __thiscall FUN_1000d2b8(uint * param_1, byte * param_2)
1000d2e5	FUN_1000d2e5	FUN_1000d2e5	Global	DEFAULT	ANALYSIS	__thiscall	undefined	3	false	\N	false	1000d2e5-1000d311	\N	\N	undefined __thiscall FUN_1000d2e5(uint * param_1, byte * param_2)
1000d312	FUN_1000d312	FUN_1000d312	Global	DEFAULT	ANALYSIS	__cdecl	undefined	3	false	\N	false	1000d312-1000d388	\N	\N	undefined __cdecl FUN_1000d312(char * param_1, int param_2, int param_3)
1000d389	FUN_1000d389	FUN_1000d389	Global	DEFAULT	ANALYSIS	__cdecl	int *	4	false	\N	false	1000d389-1000d3e4	\N	\N	int * __cdecl FUN_1000d389(undefined4 param_1, undefined4 param_2, int * param_3, uint * param_4)
1000d3e5	FUN_1000d3e5	FUN_1000d3e5	Global	DEFAULT	ANALYSIS	__cdecl	undefined	2	false	\N	false	1000d3e5-1000d49a	\N	\N	undefined __cdecl FUN_1000d3e5(uint * param_1, uint * param_2)
1000d4a0	FUN_1000d4a0	FUN_1000d4a0	Global	DEFAULT	ANALYSIS	__cdecl	uint *	2	false	\N	false	1000d4a0-1000d4a6	\N	\N	uint * __cdecl FUN_1000d4a0(uint * param_1, uint * param_2)
1000d4b0	FUN_1000d4b0	FUN_1000d4b0	Global	DEFAULT	ANALYSIS	__cdecl	uint *	2	false	\N	false	1000d4b0-1000d58f	\N	\N	uint * __cdecl FUN_1000d4b0(uint * param_1, uint * param_2)
1000d590	_memset	_memset	Global	ANALYSIS	IMPORTED	__cdecl	void *	3	false	\N	false	1000d590-1000d5e7	Library Function - Single Match\n _memset\n\nLibraries: Visual Studio 1998 Debug, Visual Studio 1998 Release	\N	void * __cdecl _memset(void * _Dst, int _Val, size_t _Size)
1000d5f0	FUN_1000d5f0	FUN_1000d5f0	Global	DEFAULT	ANALYSIS	__cdecl	undefined4 *	3	false	\N	false	1000d5f0-1000d64a;1000d64c-1000d652;1000d660-1000d688;1000d68c-1000d6ae;1000d6b0-1000d6c8;1000d6ec-1000d735;1000d748-1000d74e;1000d750-1000d75a;1000d75c-1000d76c;1000d770-1000d786;1000d788-1000d7ad;1000d7b0-1000d7b8;1000d7bc-1000d7da;1000d7e8-1000d804;1000d808-1000d82e;1000d830-1000d860;1000d884-1000d8cd;1000d8e0-1000d8e6;1000d8e8-1000d8f4;1000d8f8-1000d90a;1000d90c-1000d924	\N	\N	undefined4 * __cdecl FUN_1000d5f0(undefined4 * param_1, undefined4 * param_2, uint param_3)
1000d930	_strlen	_strlen	Global	ANALYSIS	IMPORTED	__cdecl	typedef size_t uint	1	false	\N	false	1000d930-1000d9aa	Library Function - Single Match\n _strlen\n\nLibraries: Visual Studio 1998 Debug, Visual Studio 1998 Release	\N	size_t __cdecl _strlen(char * _Str)
1000d9b4	FUN_1000d9b4	FUN_1000d9b4	Global	DEFAULT	ANALYSIS	__stdcall	undefined	0	false	\N	false	1000d9b4-1000d9ca	\N	\N	undefined __stdcall FUN_1000d9b4(void)
1000d9cb	FUN_1000d9cb	FUN_1000d9cb	Global	DEFAULT	ANALYSIS	__stdcall	int	1	false	\N	false	1000d9cb-1000da10	\N	\N	int __stdcall FUN_1000d9cb(int * param_1)
1000da2f	FUN_1000da2f	FUN_1000da2f	Global	DEFAULT	ANALYSIS	__cdecl	bool	2	false	\N	false	1000da2f-1000da4a	\N	\N	bool __cdecl FUN_1000da2f(void * param_1, UINT_PTR param_2)
1000da4b	FUN_1000da4b	FUN_1000da4b	Global	DEFAULT	ANALYSIS	__cdecl	bool	2	false	\N	false	1000da4b-1000da66	\N	\N	bool __cdecl FUN_1000da4b(LPVOID param_1, UINT_PTR param_2)
1000da67	FUN_1000da67	FUN_1000da67	Global	DEFAULT	ANALYSIS	__cdecl	bool	1	false	\N	false	1000da67-1000da7e	\N	\N	bool __cdecl FUN_1000da67(FARPROC param_1)
1000da80	_strcmp	_strcmp	Global	ANALYSIS	IMPORTED	__cdecl	int	2	false	\N	false	1000da80-1000dac2;1000dac4-1000dac9;1000dacc-1000db03	Library Function - Single Match\n _strcmp\n\nLibraries: Visual Studio 1998 Debug, Visual Studio 1998 Release	\N	int __cdecl _strcmp(char * _Str1, char * _Str2)
1000db04	FUN_1000db04	FUN_1000db04	Global	DEFAULT	ANALYSIS	__cdecl	typedef DWORD ulong	3	false	\N	false	1000db04-1000db76	\N	\N	DWORD __cdecl FUN_1000db04(uint param_1, LONG param_2, DWORD param_3)
1000db77	FUN_1000db77	FUN_1000db77	Global	DEFAULT	ANALYSIS	__cdecl	int	3	false	\N	false	1000db77-1000dbdb	\N	\N	int __cdecl FUN_1000db77(uint param_1, char * param_2, uint param_3)
1000dbdc	FUN_1000dbdc	FUN_1000dbdc	Global	DEFAULT	ANALYSIS	__cdecl	int	3	false	\N	false	1000dbdc-1000dd66	\N	\N	int __cdecl FUN_1000dbdc(DWORD param_1, char * param_2, uint param_3)
1000de55	FUN_1000de55	FUN_1000de55	Global	DEFAULT	ANALYSIS	__cdecl	undefined4	1	false	\N	false	1000de55-1000e001	\N	\N	undefined4 __cdecl FUN_1000de55(int param_1)
1000e002	FUN_1000e002	FUN_1000e002	Global	DEFAULT	ANALYSIS	__cdecl	int	1	false	\N	false	1000e002-1000e04b	\N	\N	int __cdecl FUN_1000e002(int param_1)
1000e04c	FUN_1000e04c	FUN_1000e04c	Global	DEFAULT	ANALYSIS	__cdecl	undefined4	1	false	\N	false	1000e04c-1000e07e	\N	\N	undefined4 __cdecl FUN_1000e04c(int param_1)
1000e07f	FUN_1000e07f	FUN_1000e07f	Global	DEFAULT	ANALYSIS	__stdcall	undefined	0	false	\N	false	1000e07f-1000e0a7	\N	\N	undefined __stdcall FUN_1000e07f(void)
1000e0a8	FUN_1000e0a8	FUN_1000e0a8	Global	DEFAULT	ANALYSIS	__stdcall	undefined	0	false	\N	false	1000e0a8-1000e22c	\N	\N	undefined __stdcall FUN_1000e0a8(void)
1000e22d	FUN_1000e22d	FUN_1000e22d	Global	DEFAULT	ANALYSIS	__stdcall	undefined	0	false	\N	false	1000e22d-1000e248	\N	\N	undefined __stdcall FUN_1000e22d(void)
1000e250	FUN_1000e250	FUN_1000e250	Global	DEFAULT	ANALYSIS	__cdecl	undefined4 *	3	false	\N	false	1000e250-1000e2aa;1000e2ac-1000e2b2;1000e2c0-1000e2e8;1000e2ec-1000e30e;1000e310-1000e328;1000e34c-1000e395;1000e3a8-1000e3ae;1000e3b0-1000e3ba;1000e3bc-1000e3cc;1000e3d0-1000e3e6;1000e3e8-1000e40d;1000e410-1000e418;1000e41c-1000e43a;1000e448-1000e464;1000e468-1000e48e;1000e490-1000e4c0;1000e4e4-1000e52d;1000e540-1000e546;1000e548-1000e554;1000e558-1000e56a;1000e56c-1000e584	\N	\N	undefined4 * __cdecl FUN_1000e250(undefined4 * param_1, undefined4 * param_2, uint param_3)
1000e585	FUN_1000e585	FUN_1000e585	Global	DEFAULT	ANALYSIS	__thiscall	undefined	4	false	\N	false	1000e585-1000e59b	\N	\N	undefined __thiscall FUN_1000e585(byte * param_1, int * param_2, void * param_3)
1000e59c	FUN_1000e59c	FUN_1000e59c	Global	DEFAULT	ANALYSIS	__thiscall	void *	5	false	\N	false	1000e59c-1000e7a0	\N	\N	void * __thiscall FUN_1000e59c(byte * param_1, int * param_2, void * param_3, uint param_4)
1000e7c0	_strchr	_strchr	Global	ANALYSIS	IMPORTED	__cdecl	char *	2	false	\N	false	1000e7b0-1000e7b4;1000e7c0-1000e87b	Library Function - Single Match\n _strchr\n\nLibraries: Visual Studio 1998 Debug, Visual Studio 1998 Release	\N	char * __cdecl _strchr(char * _Str, int _Val)
1000e880	_strstr	_strstr	Global	ANALYSIS	IMPORTED	__cdecl	char *	2	false	\N	false	1000e880-1000e8ff	Library Function - Single Match\n _strstr\n\nLibraries: Visual Studio 1998 Debug, Visual Studio 1998 Release	\N	char * __cdecl _strstr(char * _Str, char * _SubStr)
1000e900	_strncmp	_strncmp	Global	ANALYSIS	IMPORTED	__cdecl	int	3	false	\N	false	1000e900-1000e937	Library Function - Single Match\n _strncmp\n\nLibraries: Visual Studio 1998 Debug, Visual Studio 1998 Release	\N	int __cdecl _strncmp(char * _Str1, char * _Str2, size_t _MaxCount)
1000e940	FUN_1000e940	FUN_1000e940	Global	DEFAULT	ANALYSIS	__stdcall	undefined	0	false	\N	false	1000e940-1000e96e	\N	\N	undefined __stdcall FUN_1000e940(void)
1000e96f	FUN_1000e96f	FUN_1000e96f	Global	DEFAULT	ANALYSIS	__cdecl	int	3	false	\N	false	1000e96f-1000e9f7	\N	\N	int __cdecl FUN_1000e96f(undefined4 param_1, undefined4 param_2, undefined4 param_3)
1000ea00	_strncpy	_strncpy	Global	ANALYSIS	IMPORTED	__cdecl	char *	3	false	\N	false	1000ea00-1000eafd	Library Function - Single Match\n _strncpy\n\nLibraries: Visual Studio 1998 Debug, Visual Studio 1998 Release	\N	char * __cdecl _strncpy(char * _Dest, char * _Source, size_t _Count)
1000eafe	FUN_1000eafe	FUN_1000eafe	Global	DEFAULT	ANALYSIS	__cdecl	undefined	3	false	\N	false	1000eafe-1000ebcd	\N	\N	undefined __cdecl FUN_1000eafe(uint param_1, int * param_2, ushort * param_3)
1000ebce	FUN_1000ebce	FUN_1000ebce	Global	DEFAULT	ANALYSIS	__cdecl	undefined4	1	false	\N	false	1000ebce-1000ebfe	\N	\N	undefined4 __cdecl FUN_1000ebce(int * param_1)
1000ebff	FUN_1000ebff	FUN_1000ebff	Global	DEFAULT	ANALYSIS	__cdecl	undefined4	1	false	\N	false	1000ebff-1000ec4a	\N	\N	undefined4 __cdecl FUN_1000ebff(int * param_1)
1000ec4b	FUN_1000ec4b	FUN_1000ec4b	Global	DEFAULT	ANALYSIS	__cdecl	undefined4	1	false	\N	false	1000ec4b-1000ecdd	\N	\N	undefined4 __cdecl FUN_1000ec4b(uint param_1)
1000ecde	FUN_1000ecde	FUN_1000ecde	Global	DEFAULT	ANALYSIS	__cdecl	undefined4	1	false	\N	false	1000ecde-1000ee5f	\N	\N	undefined4 __cdecl FUN_1000ecde(DWORD * param_1)
1000ee60	FUN_1000ee60	FUN_1000ee60	Global	DEFAULT	ANALYSIS	__cdecl	uint	2	false	\N	false	1000ee60-1000ee9c	\N	\N	uint __cdecl FUN_1000ee60(int param_1, uint param_2)
1000ee9d	FUN_1000ee9d	FUN_1000ee9d	Global	DEFAULT	ANALYSIS	__cdecl	typedef BOOL int	7	false	\N	false	1000ee9d-1000ef95;1000efa1-1000efe5	\N	\N	BOOL __cdecl FUN_1000ee9d(DWORD param_1, LPCSTR param_2, int param_3, LPWORD param_4, UINT param_5, LCID param_6, int param_7)
1000efe6	FUN_1000efe6	FUN_1000efe6	Global	DEFAULT	ANALYSIS	__cdecl	int	8	false	\N	false	1000efe6-1000f0f5;1000f109-1000f1a9;1000f1bc-1000f209	\N	\N	int __cdecl FUN_1000efe6(LCID param_1, uint param_2, char * param_3, int param_4, LPWSTR param_5, int param_6, UINT param_7, int param_8)
1000f20a	FUN_1000f20a	FUN_1000f20a	Global	DEFAULT	ANALYSIS	__cdecl	int	2	false	\N	false	1000f20a-1000f234	\N	\N	int __cdecl FUN_1000f20a(char * param_1, int param_2)
1000f235	FUN_1000f235	FUN_1000f235	Global	DEFAULT	ANALYSIS	__cdecl	undefined4	3	false	\N	false	1000f235-1000f255	\N	\N	undefined4 __cdecl FUN_1000f235(uint param_1, uint param_2, uint * param_3)
1000f256	___add_12	___add_12	Global	ANALYSIS	ANALYSIS	__cdecl	undefined	2	false	\N	false	1000f256-1000f2b3	Library Function - Single Match\n ___add_12\n\nLibrary: Visual Studio 2003 Release	\N	undefined __cdecl ___add_12(uint * param_1, uint * param_2)
1000f2b4	FUN_1000f2b4	FUN_1000f2b4	Global	DEFAULT	ANALYSIS	__cdecl	undefined	1	false	\N	false	1000f2b4-1000f2e1	\N	\N	undefined __cdecl FUN_1000f2b4(uint * param_1)
1000f2e2	FUN_1000f2e2	FUN_1000f2e2	Global	DEFAULT	ANALYSIS	__cdecl	undefined	1	false	\N	false	1000f2e2-1000f30e	\N	\N	undefined __cdecl FUN_1000f2e2(uint * param_1)
1000f30f	FUN_1000f30f	FUN_1000f30f	Global	DEFAULT	ANALYSIS	__cdecl	undefined	3	false	\N	false	1000f30f-1000f3d5	\N	\N	undefined __cdecl FUN_1000f30f(char * param_1, int param_2, uint * param_3)
1000f3d6	FUN_1000f3d6	FUN_1000f3d6	Global	DEFAULT	ANALYSIS	__thiscall	undefined4	8	false	\N	false	1000f3d6-1000f876	\N	\N	undefined4 __thiscall FUN_1000f3d6(ushort * param_1, int * param_2, byte * param_3, int param_4, int param_5, int param_6, int param_7)
1000f8a7	FUN_1000f8a7	FUN_1000f8a7	Global	DEFAULT	ANALYSIS	__cdecl	undefined4	6	false	\N	false	1000f8a7-1000fb39	\N	\N	undefined4 __cdecl FUN_1000f8a7(uint param_1, uint param_2, uint param_3, int param_4, byte param_5, short * param_6)
1000fb3a	FUN_1000fb3a	FUN_1000fb3a	Global	DEFAULT	ANALYSIS	__cdecl	undefined	1	false	\N	false	1000fb3a-1000fbac	\N	\N	undefined __cdecl FUN_1000fb3a(uint param_1)
1000fbad	FUN_1000fbad	FUN_1000fbad	Global	DEFAULT	ANALYSIS	__stdcall	DWORD *	0	false	\N	false	1000fbad-1000fbb5	\N	\N	DWORD * __stdcall FUN_1000fbad(void)
1000fbb6	FUN_1000fbb6	FUN_1000fbb6	Global	DEFAULT	ANALYSIS	__stdcall	DWORD *	0	false	\N	false	1000fbb6-1000fbbe	\N	\N	DWORD * __stdcall FUN_1000fbb6(void)
1000fbbf	FUN_1000fbbf	FUN_1000fbbf	Global	DEFAULT	ANALYSIS	__cdecl	undefined4	1	false	\N	false	1000fbbf-1000fc3d	\N	\N	undefined4 __cdecl FUN_1000fbbf(uint param_1)
1000fc3e	FUN_1000fc3e	FUN_1000fc3e	Global	DEFAULT	ANALYSIS	__cdecl	undefined4	1	false	\N	false	1000fc3e-1000fc7f	\N	\N	undefined4 __cdecl FUN_1000fc3e(uint param_1)
1000fc80	FUN_1000fc80	FUN_1000fc80	Global	DEFAULT	ANALYSIS	__cdecl	undefined	1	false	\N	false	1000fc80-1000fcde	\N	\N	undefined __cdecl FUN_1000fc80(uint param_1)
1000fcdf	FUN_1000fcdf	FUN_1000fcdf	Global	DEFAULT	ANALYSIS	__cdecl	undefined	1	false	\N	false	1000fcdf-1000fd00	\N	\N	undefined __cdecl FUN_1000fcdf(uint param_1)
1000fd01	FUN_1000fd01	FUN_1000fd01	Global	DEFAULT	ANALYSIS	__cdecl	uint	1	false	\N	false	1000fd01-1000fd6f	\N	\N	uint __cdecl FUN_1000fd01(uint param_1)
1000fd70	FUN_1000fd70	FUN_1000fd70	Global	DEFAULT	ANALYSIS	__thiscall	uint	2	false	\N	false	1000fd70-1000fe3b	\N	\N	uint __thiscall FUN_1000fd70(uint param_1)
1000fe3c	FUN_1000fe3c	FUN_1000fe3c	Global	DEFAULT	ANALYSIS	__cdecl	undefined	6	false	\N	false	1000fe3c-100100ee	\N	\N	undefined __cdecl FUN_1000fe3c(uint * param_1, uint * param_2, uint param_3, uint param_4, undefined8 * param_5, undefined8 * param_6)
100100ef	FUN_100100ef	FUN_100100ef	Global	DEFAULT	ANALYSIS	__cdecl	bool	3	false	\N	false	100100ef-10010305	\N	\N	bool __cdecl FUN_100100ef(uint param_1, double * param_2, uint param_3)
10010306	FUN_10010306	FUN_10010306	Global	DEFAULT	ANALYSIS	__cdecl	undefined	1	false	\N	false	10010306-1001032d	\N	\N	undefined __cdecl FUN_10010306(int param_1)
1001032e	FUN_1001032e	FUN_1001032e	Global	DEFAULT	ANALYSIS	__stdcall	undefined4	0	false	\N	false	1001032e-10010330	\N	\N	undefined4 __stdcall FUN_1001032e(void)
10010331	FUN_10010331	FUN_10010331	Global	DEFAULT	ANALYSIS	__stdcall	int	0	false	\N	false	10010331-1001033e	\N	\N	int __stdcall FUN_10010331(void)
1001033f	FUN_1001033f	FUN_1001033f	Global	DEFAULT	ANALYSIS	__stdcall	int	0	false	\N	false	1001033f-1001034d	\N	\N	int __stdcall FUN_1001033f(void)
1001034e	FUN_1001034e	FUN_1001034e	Global	DEFAULT	ANALYSIS	__stdcall	int	0	false	\N	false	1001034e-10010370	\N	\N	int __stdcall FUN_1001034e(void)
10010371	FUN_10010371	FUN_10010371	Global	DEFAULT	ANALYSIS	__stdcall	undefined	0	false	\N	false	10010371-100103c6	\N	\N	undefined __stdcall FUN_10010371(void)
100103c7	FUN_100103c7	FUN_100103c7	Global	DEFAULT	ANALYSIS	__cdecl	undefined4	1	false	\N	false	100103c7-10010423	\N	\N	undefined4 __cdecl FUN_100103c7(uint param_1)
10010424	FUN_10010424	FUN_10010424	Global	DEFAULT	ANALYSIS	__cdecl	undefined4	1	false	\N	false	10010424-100104a6	\N	\N	undefined4 __cdecl FUN_10010424(uint param_1)
100104a7	FUN_100104a7	FUN_100104a7	Global	DEFAULT	ANALYSIS	__cdecl	undefined	1	false	\N	false	100104a7-100104d1	\N	\N	undefined __cdecl FUN_100104a7(undefined4 * param_1)
100104e0	FUN_100104e0	FUN_100104e0	Global	DEFAULT	ANALYSIS	__cdecl	int	2	false	\N	false	100104e0-1001051d	\N	\N	int __cdecl FUN_100104e0(byte * param_1, byte * param_2)
10010520	FUN_10010520	FUN_10010520	Global	DEFAULT	ANALYSIS	__cdecl	byte *	2	false	\N	false	10010520-10010559	\N	\N	byte * __cdecl FUN_10010520(byte * param_1, byte * param_2)
1001055a	FUN_1001055a	FUN_1001055a	Global	DEFAULT	ANALYSIS	__cdecl	undefined	2	false	\N	false	1001055a-10010779	\N	\N	undefined __cdecl FUN_1001055a(int * param_1, int * param_2)
1001077a	FUN_1001077a	FUN_1001077a	Global	DEFAULT	ANALYSIS	__cdecl	undefined	3	false	\N	false	1001077a-100107f5	\N	\N	undefined __cdecl FUN_1001077a(int * param_1, uint param_2, int param_3)
100107f6	FUN_100107f6	FUN_100107f6	Global	DEFAULT	ANALYSIS	__cdecl	float10	2	false	\N	false	100107f6-1001081e	\N	\N	float10 __cdecl FUN_100107f6(undefined8 param_1, short param_2)
1001081f	FUN_1001081f	FUN_1001081f	Global	DEFAULT	ANALYSIS	__cdecl	float10	3	false	\N	false	1001081f-100108df	\N	\N	float10 __cdecl FUN_1001081f(uint param_1, uint param_2, int * param_3)
100108e0	FUN_100108e0	FUN_100108e0	Global	DEFAULT	ANALYSIS	__thiscall	uint	3	false	\N	false	100108e0-100109af	\N	\N	uint __thiscall FUN_100108e0(byte * param_1, byte * param_2)
100109b0	FUN_100109b0	FUN_100109b0	Global	DEFAULT	ANALYSIS	__cdecl	undefined4	3	false	\N	false	100109b0-10010ab0	\N	\N	undefined4 __cdecl FUN_100109b0(byte * param_1, char * param_2, void * param_3)
10010af4	RtlUnwind	KERNEL32.DLL::RtlUnwind	KERNEL32.DLL	DEFAULT	IMPORTED	__stdcall	void	4	true	KERNEL32.DLL::RtlUnwind	false	10010af4-10010af9	\N	\N	void __stdcall RtlUnwind(PVOID TargetFrame, PVOID TargetIp, PEXCEPTION_RECORD ExceptionRecord, PVOID ReturnValue)
10010b00	Unwind@10010b00	Unwind@10010b00	Global	ANALYSIS	ANALYSIS	__stdcall	undefined	0	false	\N	false	10010b00-10010b0a	\N	\N	undefined __stdcall Unwind@10010b00(void)
10010b0b	Unwind@10010b0b	Unwind@10010b0b	Global	ANALYSIS	ANALYSIS	__stdcall	undefined	0	false	\N	false	10010b0b-10010b1d	\N	\N	undefined __stdcall Unwind@10010b0b(void)
10010b1e	Unwind@10010b1e	Unwind@10010b1e	Global	ANALYSIS	ANALYSIS	__stdcall	undefined	0	false	\N	false	10010b1e-10010b28	\N	\N	undefined __stdcall Unwind@10010b1e(void)
10010b40	Unwind@10010b40	Unwind@10010b40	Global	ANALYSIS	ANALYSIS	__stdcall	undefined	0	false	\N	false	10010b40-10010b52	\N	\N	undefined __stdcall Unwind@10010b40(void)
