address	type	name	full_name	namespace	source	primary	external	external_entry
EXTERNAL:00000001	Function	HeapAlloc	KERNEL32.DLL::HeapAlloc	KERNEL32.DLL	IMPORTED	true	true	false
EXTERNAL:00000002	Function	GlobalFree	KERNEL32.DLL::GlobalFree	KERNEL32.DLL	IMPORTED	true	true	false
EXTERNAL:00000003	Function	HeapFree	KERNEL32.DLL::HeapFree	KERNEL32.DLL	IMPORTED	true	true	false
EXTERNAL:00000004	Function	GetProcAddress	KERNEL32.DLL::GetProcAddress	KERNEL32.DLL	IMPORTED	true	true	false
EXTERNAL:00000005	Function	VirtualAlloc	KERNEL32.DLL::VirtualAlloc	KERNEL32.DLL	IMPORTED	true	true	false
EXTERNAL:00000006	Function	GetFileType	KERNEL32.DLL::GetFileType	KERNEL32.DLL	IMPORTED	true	true	false
EXTERNAL:00000007	Function	WriteFile	KERNEL32.DLL::WriteFile	KERNEL32.DLL	IMPORTED	true	true	false
EXTERNAL:00000008	Function	SetHandleCount	KERNEL32.DLL::SetHandleCount	KERNEL32.DLL	IMPORTED	true	true	false
EXTERNAL:00000009	Function	CloseHandle	KERNEL32.DLL::CloseHandle	KERNEL32.DLL	IMPORTED	true	true	false
EXTERNAL:0000000a	Function	RaiseException	KERNEL32.DLL::RaiseException	KERNEL32.DLL	IMPORTED	true	true	false
EXTERNAL:0000000b	Function	SetStdHandle	KERNEL32.DLL::SetStdHandle	KERNEL32.DLL	IMPORTED	true	true	false
EXTERNAL:0000000c	Function	LCMapStringW	KERNEL32.DLL::LCMapStringW	KERNEL32.DLL	IMPORTED	true	true	false
EXTERNAL:0000000d	Function	LCMapStringA	KERNEL32.DLL::LCMapStringA	KERNEL32.DLL	IMPORTED	true	true	false
EXTERNAL:0000000e	Function	GetStringTypeW	KERNEL32.DLL::GetStringTypeW	KERNEL32.DLL	IMPORTED	true	true	false
EXTERNAL:0000000f	Function	GetStringTypeA	KERNEL32.DLL::GetStringTypeA	KERNEL32.DLL	IMPORTED	true	true	false
EXTERNAL:00000010	Function	MultiByteToWideChar	KERNEL32.DLL::MultiByteToWideChar	KERNEL32.DLL	IMPORTED	true	true	false
EXTERNAL:00000011	Function	FlushFileBuffers	KERNEL32.DLL::FlushFileBuffers	KERNEL32.DLL	IMPORTED	true	true	false
EXTERNAL:00000012	Function	LoadLibraryA	KERNEL32.DLL::LoadLibraryA	KERNEL32.DLL	IMPORTED	true	true	false
EXTERNAL:00000013	Label	GetOEMCP	KERNEL32.DLL::GetOEMCP	KERNEL32.DLL	IMPORTED	true	true	false
EXTERNAL:00000014	Label	GetACP	KERNEL32.DLL::GetACP	KERNEL32.DLL	IMPORTED	true	true	false
EXTERNAL:00000015	Function	GetCPInfo	KERNEL32.DLL::GetCPInfo	KERNEL32.DLL	IMPORTED	true	true	false
EXTERNAL:00000016	Function	SetFilePointer	KERNEL32.DLL::SetFilePointer	KERNEL32.DLL	IMPORTED	true	true	false
EXTERNAL:00000017	Function	IsBadCodePtr	KERNEL32.DLL::IsBadCodePtr	KERNEL32.DLL	IMPORTED	true	true	false
EXTERNAL:00000018	Function	IsBadReadPtr	KERNEL32.DLL::IsBadReadPtr	KERNEL32.DLL	IMPORTED	true	true	false
EXTERNAL:00000019	Function	SetUnhandledExceptionFilter	KERNEL32.DLL::SetUnhandledExceptionFilter	KERNEL32.DLL	IMPORTED	true	true	false
EXTERNAL:0000001a	Function	InterlockedIncrement	KERNEL32.DLL::InterlockedIncrement	KERNEL32.DLL	IMPORTED	true	true	false
EXTERNAL:0000001b	Function	InterlockedDecrement	KERNEL32.DLL::InterlockedDecrement	KERNEL32.DLL	IMPORTED	true	true	false
EXTERNAL:0000001c	Function	IsBadWritePtr	KERNEL32.DLL::IsBadWritePtr	KERNEL32.DLL	IMPORTED	true	true	false
EXTERNAL:0000001d	Function	HeapReAlloc	KERNEL32.DLL::HeapReAlloc	KERNEL32.DLL	IMPORTED	true	true	false
EXTERNAL:0000001e	Function	GetCommandLineA	KERNEL32.DLL::GetCommandLineA	KERNEL32.DLL	IMPORTED	true	true	false
EXTERNAL:0000001f	Function	GetStdHandle	KERNEL32.DLL::GetStdHandle	KERNEL32.DLL	IMPORTED	true	true	false
EXTERNAL:00000020	Function	VirtualFree	KERNEL32.DLL::VirtualFree	KERNEL32.DLL	IMPORTED	true	true	false
EXTERNAL:00000021	Function	HeapCreate	KERNEL32.DLL::HeapCreate	KERNEL32.DLL	IMPORTED	true	true	false
EXTERNAL:00000022	Function	HeapDestroy	KERNEL32.DLL::HeapDestroy	KERNEL32.DLL	IMPORTED	true	true	false
EXTERNAL:00000023	Function	GetVersionExA	KERNEL32.DLL::GetVersionExA	KERNEL32.DLL	IMPORTED	true	true	false
EXTERNAL:00000024	Function	GetEnvironmentVariableA	KERNEL32.DLL::GetEnvironmentVariableA	KERNEL32.DLL	IMPORTED	true	true	false
EXTERNAL:00000025	Function	GetEnvironmentStringsW	KERNEL32.DLL::GetEnvironmentStringsW	KERNEL32.DLL	IMPORTED	true	true	false
EXTERNAL:00000026	Function	GetEnvironmentStrings	KERNEL32.DLL::GetEnvironmentStrings	KERNEL32.DLL	IMPORTED	true	true	false
EXTERNAL:00000027	Function	WideCharToMultiByte	KERNEL32.DLL::WideCharToMultiByte	KERNEL32.DLL	IMPORTED	true	true	false
EXTERNAL:00000028	Function	FreeEnvironmentStringsW	KERNEL32.DLL::FreeEnvironmentStringsW	KERNEL32.DLL	IMPORTED	true	true	false
EXTERNAL:00000029	Function	FreeEnvironmentStringsA	KERNEL32.DLL::FreeEnvironmentStringsA	KERNEL32.DLL	IMPORTED	true	true	false
EXTERNAL:0000002a	Function	GetModuleFileNameA	KERNEL32.DLL::GetModuleFileNameA	KERNEL32.DLL	IMPORTED	true	true	false
EXTERNAL:0000002b	Function	GetStartupInfoA	KERNEL32.DLL::GetStartupInfoA	KERNEL32.DLL	IMPORTED	true	true	false
EXTERNAL:0000002c	Function	RtlUnwind	KERNEL32.DLL::RtlUnwind	KERNEL32.DLL	IMPORTED	true	true	false
EXTERNAL:0000002d	Function	ExitProcess	KERNEL32.DLL::ExitProcess	KERNEL32.DLL	IMPORTED	true	true	false
EXTERNAL:0000002e	Function	TerminateProcess	KERNEL32.DLL::TerminateProcess	KERNEL32.DLL	IMPORTED	true	true	false
EXTERNAL:0000002f	Function	GetCurrentProcess	KERNEL32.DLL::GetCurrentProcess	KERNEL32.DLL	IMPORTED	true	true	false
EXTERNAL:00000030	Function	TlsSetValue	KERNEL32.DLL::TlsSetValue	KERNEL32.DLL	IMPORTED	true	true	false
EXTERNAL:00000031	Function	GetVersion	KERNEL32.DLL::GetVersion	KERNEL32.DLL	IMPORTED	true	true	false
EXTERNAL:00000032	Function	EnterCriticalSection	KERNEL32.DLL::EnterCriticalSection	KERNEL32.DLL	IMPORTED	true	true	false
EXTERNAL:00000033	Function	LeaveCriticalSection	KERNEL32.DLL::LeaveCriticalSection	KERNEL32.DLL	IMPORTED	true	true	false
EXTERNAL:00000034	Function	GlobalAlloc	KERNEL32.DLL::GlobalAlloc	KERNEL32.DLL	IMPORTED	true	true	false
EXTERNAL:00000035	Function	TlsFree	KERNEL32.DLL::TlsFree	KERNEL32.DLL	IMPORTED	true	true	false
EXTERNAL:00000036	Function	SetLastError	KERNEL32.DLL::SetLastError	KERNEL32.DLL	IMPORTED	true	true	false
EXTERNAL:00000037	Function	GetModuleHandleA	KERNEL32.DLL::GetModuleHandleA	KERNEL32.DLL	IMPORTED	true	true	false
EXTERNAL:00000038	Function	GetCurrentThreadId	KERNEL32.DLL::GetCurrentThreadId	KERNEL32.DLL	IMPORTED	true	true	false
EXTERNAL:00000039	Function	TlsGetValue	KERNEL32.DLL::TlsGetValue	KERNEL32.DLL	IMPORTED	true	true	false
EXTERNAL:0000003a	Function	TlsAlloc	KERNEL32.DLL::TlsAlloc	KERNEL32.DLL	IMPORTED	true	true	false
EXTERNAL:0000003b	Function	InitializeCriticalSection	KERNEL32.DLL::InitializeCriticalSection	KERNEL32.DLL	IMPORTED	true	true	false
EXTERNAL:0000003c	Function	GetLastError	KERNEL32.DLL::GetLastError	KERNEL32.DLL	IMPORTED	true	true	false
EXTERNAL:0000003d	Function	DeleteCriticalSection	KERNEL32.DLL::DeleteCriticalSection	KERNEL32.DLL	IMPORTED	true	true	false
EXTERNAL:0000003e	Function	CreateWindowExA	USER32.DLL::CreateWindowExA	USER32.DLL	IMPORTED	true	true	false
EXTERNAL:0000003f	Function	UpdateWindow	USER32.DLL::UpdateWindow	USER32.DLL	IMPORTED	true	true	false
EXTERNAL:00000040	Function	ShowCursor	USER32.DLL::ShowCursor	USER32.DLL	IMPORTED	true	true	false
EXTERNAL:00000041	Function	DestroyWindow	USER32.DLL::DestroyWindow	USER32.DLL	IMPORTED	true	true	false
EXTERNAL:00000042	Function	SetForegroundWindow	USER32.DLL::SetForegroundWindow	USER32.DLL	IMPORTED	true	true	false
EXTERNAL:00000043	Function	ShowWindow	USER32.DLL::ShowWindow	USER32.DLL	IMPORTED	true	true	false
EXTERNAL:00000044	Function	grRenderBuffer	GLIDE2X.DLL::grRenderBuffer	GLIDE2X.DLL	IMPORTED	true	true	false
EXTERNAL:00000045	Function	grTexDownloadMipMap	GLIDE2X.DLL::grTexDownloadMipMap	GLIDE2X.DLL	IMPORTED	true	true	false
EXTERNAL:00000046	Function	grTexMinAddress	GLIDE2X.DLL::grTexMinAddress	GLIDE2X.DLL	IMPORTED	true	true	false
EXTERNAL:00000047	Function	grTexMaxAddress	GLIDE2X.DLL::grTexMaxAddress	GLIDE2X.DLL	IMPORTED	true	true	false
EXTERNAL:00000048	Function	grGlideShutdown	GLIDE2X.DLL::grGlideShutdown	GLIDE2X.DLL	IMPORTED	true	true	false
EXTERNAL:00000049	Function	grSstQueryBoards	GLIDE2X.DLL::grSstQueryBoards	GLIDE2X.DLL	IMPORTED	true	true	false
EXTERNAL:0000004a	Function	grGlideInit	GLIDE2X.DLL::grGlideInit	GLIDE2X.DLL	IMPORTED	true	true	false
EXTERNAL:0000004b	Function	grSstQueryHardware	GLIDE2X.DLL::grSstQueryHardware	GLIDE2X.DLL	IMPORTED	true	true	false
EXTERNAL:0000004c	Function	grLfbReadRegion	GLIDE2X.DLL::grLfbReadRegion	GLIDE2X.DLL	IMPORTED	true	true	false
EXTERNAL:0000004d	Function	grTexSource	GLIDE2X.DLL::grTexSource	GLIDE2X.DLL	IMPORTED	true	true	false
EXTERNAL:0000004e	Function	grDrawPolygonVertexList	GLIDE2X.DLL::grDrawPolygonVertexList	GLIDE2X.DLL	IMPORTED	true	true	false
EXTERNAL:0000004f	Function	grAADrawPoint	GLIDE2X.DLL::grAADrawPoint	GLIDE2X.DLL	IMPORTED	true	true	false
EXTERNAL:00000050	Function	grDrawPoint	GLIDE2X.DLL::grDrawPoint	GLIDE2X.DLL	IMPORTED	true	true	false
EXTERNAL:00000051	Function	grAADrawLine	GLIDE2X.DLL::grAADrawLine	GLIDE2X.DLL	IMPORTED	true	true	false
EXTERNAL:00000052	Function	grDrawTriangle	GLIDE2X.DLL::grDrawTriangle	GLIDE2X.DLL	IMPORTED	true	true	false
EXTERNAL:00000053	Function	grSstWinClose	GLIDE2X.DLL::grSstWinClose	GLIDE2X.DLL	IMPORTED	true	true	false
EXTERNAL:00000054	Function	grBufferSwap	GLIDE2X.DLL::grBufferSwap	GLIDE2X.DLL	IMPORTED	true	true	false
EXTERNAL:00000055	Function	grSstIdle	GLIDE2X.DLL::grSstIdle	GLIDE2X.DLL	IMPORTED	true	true	false
EXTERNAL:00000056	Function	grBufferClear	GLIDE2X.DLL::grBufferClear	GLIDE2X.DLL	IMPORTED	true	true	false
EXTERNAL:00000057	Function	grSstSelect	GLIDE2X.DLL::grSstSelect	GLIDE2X.DLL	IMPORTED	true	true	false
EXTERNAL:00000058	Function	grSstWinOpen	GLIDE2X.DLL::grSstWinOpen	GLIDE2X.DLL	IMPORTED	true	true	false
EXTERNAL:00000059	Function	grErrorSetCallback	GLIDE2X.DLL::grErrorSetCallback	GLIDE2X.DLL	IMPORTED	true	true	false
EXTERNAL:0000005a	Function	grDisableAllEffects	GLIDE2X.DLL::grDisableAllEffects	GLIDE2X.DLL	IMPORTED	true	true	false
EXTERNAL:0000005b	Function	grHints	GLIDE2X.DLL::grHints	GLIDE2X.DLL	IMPORTED	true	true	false
EXTERNAL:0000005c	Function	grCullMode	GLIDE2X.DLL::grCullMode	GLIDE2X.DLL	IMPORTED	true	true	false
EXTERNAL:0000005d	Function	grDepthBufferMode	GLIDE2X.DLL::grDepthBufferMode	GLIDE2X.DLL	IMPORTED	true	true	false
EXTERNAL:0000005e	Function	grDepthBufferFunction	GLIDE2X.DLL::grDepthBufferFunction	GLIDE2X.DLL	IMPORTED	true	true	false
EXTERNAL:0000005f	Function	grDepthMask	GLIDE2X.DLL::grDepthMask	GLIDE2X.DLL	IMPORTED	true	true	false
EXTERNAL:00000060	Function	grFogMode	GLIDE2X.DLL::grFogMode	GLIDE2X.DLL	IMPORTED	true	true	false
EXTERNAL:00000061	Function	grGlideGetState	GLIDE2X.DLL::grGlideGetState	GLIDE2X.DLL	IMPORTED	true	true	false
EXTERNAL:00000062	Function	grAlphaBlendFunction	GLIDE2X.DLL::grAlphaBlendFunction	GLIDE2X.DLL	IMPORTED	true	true	false
EXTERNAL:00000063	Function	grColorCombine	GLIDE2X.DLL::grColorCombine	GLIDE2X.DLL	IMPORTED	true	true	false
EXTERNAL:00000064	Function	grConstantColorValue	GLIDE2X.DLL::grConstantColorValue	GLIDE2X.DLL	IMPORTED	true	true	false
EXTERNAL:00000065	Function	grAlphaCombine	GLIDE2X.DLL::grAlphaCombine	GLIDE2X.DLL	IMPORTED	true	true	false
EXTERNAL:00000066	Function	grFogColorValue	GLIDE2X.DLL::grFogColorValue	GLIDE2X.DLL	IMPORTED	true	true	false
EXTERNAL:00000067	Function	grTexCombine	GLIDE2X.DLL::grTexCombine	GLIDE2X.DLL	IMPORTED	true	true	false
EXTERNAL:00000068	Function	grAlphaTestFunction	GLIDE2X.DLL::grAlphaTestFunction	GLIDE2X.DLL	IMPORTED	true	true	false
EXTERNAL:00000069	Function	grAlphaTestReferenceValue	GLIDE2X.DLL::grAlphaTestReferenceValue	GLIDE2X.DLL	IMPORTED	true	true	false
EXTERNAL:0000006a	Function	grTexFilterMode	GLIDE2X.DLL::grTexFilterMode	GLIDE2X.DLL	IMPORTED	true	true	false
EXTERNAL:0000006b	Function	grTexMipMapMode	GLIDE2X.DLL::grTexMipMapMode	GLIDE2X.DLL	IMPORTED	true	true	false
EXTERNAL:0000006c	Function	grTexClampMode	GLIDE2X.DLL::grTexClampMode	GLIDE2X.DLL	IMPORTED	true	true	false
EXTERNAL:0000006d	Function	grChromakeyMode	GLIDE2X.DLL::grChromakeyMode	GLIDE2X.DLL	IMPORTED	true	true	false
EXTERNAL:0000006e	Function	grChromakeyValue	GLIDE2X.DLL::grChromakeyValue	GLIDE2X.DLL	IMPORTED	true	true	false
EXTERNAL:0000006f	Function	grTexDownloadTable	GLIDE2X.DLL::grTexDownloadTable	GLIDE2X.DLL	IMPORTED	true	true	false
EXTERNAL:00000070	Function	grGlideSetState	GLIDE2X.DLL::grGlideSetState	GLIDE2X.DLL	IMPORTED	true	true	false
EXTERNAL:00000071	Function	grTexCalcMemRequired	GLIDE2X.DLL::grTexCalcMemRequired	GLIDE2X.DLL	IMPORTED	true	true	false
EXTERNAL:00000072	Function	grClipWindow	GLIDE2X.DLL::grClipWindow	GLIDE2X.DLL	IMPORTED	true	true	false
10001000	Function	FUN_10001000	FUN_10001000	Global	DEFAULT	true	false	false
10001050	Function	FUN_10001050	FUN_10001050	Global	DEFAULT	true	false	false
10001150	Function	FUN_10001150	FUN_10001150	Global	DEFAULT	true	false	false
10001380	Function	FUN_10001380	FUN_10001380	Global	DEFAULT	true	false	false
100013e0	Function	FUN_100013e0	FUN_100013e0	Global	DEFAULT	true	false	false
10001400	Function	FUN_10001400	FUN_10001400	Global	DEFAULT	true	false	false
10001420	Function	FUN_10001420	FUN_10001420	Global	DEFAULT	true	false	false
100014b0	Function	Glide_ApplyRenderStatePreset	Glide_ApplyRenderStatePreset	Global	USER_DEFINED	true	false	false
100014e0	Function	Glide_RebuildPaletteTables	Glide_RebuildPaletteTables	Global	USER_DEFINED	true	false	false
100015e0	Function	FUN_100015e0	FUN_100015e0	Global	DEFAULT	true	false	false
10001610	Function	FUN_10001610	FUN_10001610	Global	DEFAULT	true	false	false
10001650	Function	Glide_BuildRenderStatePresets	Glide_BuildRenderStatePresets	Global	USER_DEFINED	true	false	false
10001dd0	Function	FUN_10001dd0	FUN_10001dd0	Global	DEFAULT	true	false	false
10001fb0	Function	Glide_UploadPaletteTable	Glide_UploadPaletteTable	Global	USER_DEFINED	true	false	false
10002030	Function	FUN_10002030	FUN_10002030	Global	DEFAULT	true	false	false
10002130	Function	FUN_10002130	FUN_10002130	Global	DEFAULT	true	false	false
100021f0	Function	FUN_100021f0	FUN_100021f0	Global	DEFAULT	true	false	false
10002770	Function	WinsysGlide_OpenWindowAndInitRenderer	WinsysGlide_OpenWindowAndInitRenderer	Global	USER_DEFINED	true	false	false
10002866	Label	open_glide_window	open_glide_window	Global	USER_DEFINED	true	false	false
100028a5	Label	initial_palette_restore	initial_palette_restore	Global	USER_DEFINED	true	false	false
10002aa0	Function	Glide_BeginFrameAndClear	Glide_BeginFrameAndClear	Global	USER_DEFINED	true	false	false
10002adc	Label	palette_restore_before_clear	palette_restore_before_clear	Global	USER_DEFINED	true	false	false
10002b32	Label	clear_buffer_setup	clear_buffer_setup	Global	USER_DEFINED	true	false	false
10002c10	Function	Glide_EndFrameSwapAndFlush	Glide_EndFrameSwapAndFlush	Global	USER_DEFINED	true	false	false
10002c67	Label	swap_and_idle	swap_and_idle	Global	USER_DEFINED	true	false	false
10002c73	Label	service_texture_cache	service_texture_cache	Global	USER_DEFINED	true	false	false
10003050	Function	WinsysGlide_ShutdownRenderer	WinsysGlide_ShutdownRenderer	Global	USER_DEFINED	true	false	false
10003140	Label	close_glide_window	close_glide_window	Global	USER_DEFINED	true	false	false
10003165	Label	free_renderer_texture_cache	free_renderer_texture_cache	Global	USER_DEFINED	true	false	false
100031b0	Function	Glide_ClearViewportWithPaletteColor	Glide_ClearViewportWithPaletteColor	Global	USER_DEFINED	true	false	false
10003300	Function	Glide_DrawFilledRect	Glide_DrawFilledRect	Global	USER_DEFINED	true	false	false
10003680	Function	Glide_DrawColoredLine	Glide_DrawColoredLine	Global	USER_DEFINED	true	false	false
10003ab0	Function	Glide_DrawRectOutline	Glide_DrawRectOutline	Global	USER_DEFINED	true	false	false
10003b20	Function	Glide_DrawEllipseOutline	Glide_DrawEllipseOutline	Global	USER_DEFINED	true	false	false
10004050	Function	Glide_SetCachedRenderState	Glide_SetCachedRenderState	Global	USER_DEFINED	true	false	false
1000406c	Label	check_previous_paletted_state	check_previous_paletted_state	Global	USER_DEFINED	true	false	false
10004071	Label	load_renderer_palette_flag	load_renderer_palette_flag	Global	USER_DEFINED	true	false	false
10004083	Label	restore_palette_table_before_state_change	restore_palette_table_before_state_change	Global	USER_DEFINED	true	false	false
100040db	Label	select_new_state_preset	select_new_state_preset	Global	USER_DEFINED	true	false	false
100040df	Label	check_state_upper_bound	check_state_upper_bound	Global	USER_DEFINED	true	false	false
100040e4	Label	use_indexed_state_preset	use_indexed_state_preset	Global	USER_DEFINED	true	false	false
100040f6	Label	use_default_state_preset	use_default_state_preset	Global	USER_DEFINED	true	false	false
100040fb	Label	apply_selected_state_preset	apply_selected_state_preset	Global	USER_DEFINED	true	false	false
1000410b	Label	install_blank_palette_table	install_blank_palette_table	Global	USER_DEFINED	true	false	false
10004131	Label	state_change_done	state_change_done	Global	USER_DEFINED	true	false	false
10004160	Function	Glide_DrawColoredPoint	Glide_DrawColoredPoint	Global	USER_DEFINED	true	false	false
100043e0	Function	Glide_DrawTexturedQuad	Glide_DrawTexturedQuad	Global	USER_DEFINED	true	false	false
10004530	Label	quad_upload_failed	quad_upload_failed	Global	USER_DEFINED	true	false	false
1000489a	Label	quad_done_or_clipped_out	quad_done_or_clipped_out	Global	USER_DEFINED	true	false	false
100048b0	Function	FUN_100048b0	FUN_100048b0	Global	DEFAULT	true	false	false
100048d0	Function	FUN_100048d0	FUN_100048d0	Global	DEFAULT	true	false	false
10004900	Function	FUN_10004900	FUN_10004900	Global	DEFAULT	true	false	false
10004990	Function	Glide_DrawTexturedTriangle	Glide_DrawTexturedTriangle	Global	USER_DEFINED	true	false	false
10004a63	Label	triangle_projection_failed	triangle_projection_failed	Global	USER_DEFINED	true	false	false
10004b8a	Label	triangle_mip_selected	triangle_mip_selected	Global	USER_DEFINED	true	false	false
10004d12	Label	triangle_upload_failed	triangle_upload_failed	Global	USER_DEFINED	true	false	false
10004e10	Function	Glide_DrawDualTexturedTriangle	Glide_DrawDualTexturedTriangle	Global	USER_DEFINED	true	false	false
10004fd9	Label	dual_first_upload_failed	dual_first_upload_failed	Global	USER_DEFINED	true	false	false
10005001	Label	dual_second_upload_failed	dual_second_upload_failed	Global	USER_DEFINED	true	false	false
1000500a	Label	dual_bind_and_draw	dual_bind_and_draw	Global	USER_DEFINED	true	false	false
100053d0	Function	Glide_DrawGlyphString	Glide_DrawGlyphString	Global	USER_DEFINED	true	false	false
100054c0	Function	FUN_100054c0	FUN_100054c0	Global	DEFAULT	true	false	false
100059e0	Function	FUN_100059e0	FUN_100059e0	Global	DEFAULT	true	false	false
10006120	Function	FUN_10006120	FUN_10006120	Global	DEFAULT	true	false	false
100065a0	Function	Tex_BindGlideTextureSource	Tex_BindGlideTextureSource	Global	USER_DEFINED	true	false	false
10006690	Function	FUN_10006690	FUN_10006690	Global	DEFAULT	true	false	false
10006740	Function	Glide_DrawProjectedPointCloud	Glide_DrawProjectedPointCloud	Global	USER_DEFINED	true	false	false
10007080	Function	Glide_ReadFramebufferRGB565	Glide_ReadFramebufferRGB565	Global	USER_DEFINED	true	false	false
1000713f	Label	readback_rgb565_loop	readback_rgb565_loop	Global	USER_DEFINED	true	false	false
100071f5	Label	readback_resample_loop	readback_resample_loop	Global	USER_DEFINED	true	false	false
10007450	Label	Ordinal_2	Ordinal_2	Global	IMPORTED	false	false	true
10007450	Function	detect_winsys	detect_winsys	Global	IMPORTED	true	false	true
10007580	Label	Ordinal_4	Ordinal_4	Global	IMPORTED	false	false	true
10007580	Function	process_exit	process_exit	Global	IMPORTED	true	false	true
10007600	Label	Ordinal_1	Ordinal_1	Global	IMPORTED	false	false	true
10007600	Function	deallocate_winsys	deallocate_winsys	Global	ANALYSIS	true	false	true
10007600	Label	?deallocate_winsys@@YAXPAVWinsys@@@Z	?deallocate_winsys@@YAXPAVWinsys@@@Z	Global	IMPORTED	false	false	true
10007630	Label	Ordinal_3	Ordinal_3	Global	IMPORTED	false	false	true
10007630	Function	instantiate_winsys	instantiate_winsys	Global	IMPORTED	true	false	true
100076b9	Label	populate_renderer_vtable	populate_renderer_vtable	Global	USER_DEFINED	true	false	false
10007860	Function	FUN_10007860	FUN_10007860	Global	DEFAULT	true	false	false
10007940	Function	FUN_10007940	FUN_10007940	Global	DEFAULT	true	false	false
10007a60	Function	FUN_10007a60	FUN_10007a60	Global	DEFAULT	true	false	false
10007c00	Function	FUN_10007c00	FUN_10007c00	Global	DEFAULT	true	false	false
10007c40	Function	FUN_10007c40	FUN_10007c40	Global	DEFAULT	true	false	false
10007e00	Function	FUN_10007e00	FUN_10007e00	Global	DEFAULT	true	false	false
10007eb0	Function	FUN_10007eb0	FUN_10007eb0	Global	DEFAULT	true	false	false
10007f90	Function	FUN_10007f90	FUN_10007f90	Global	DEFAULT	true	false	false
10008010	Function	FUN_10008010	FUN_10008010	Global	DEFAULT	true	false	false
10008120	Function	FUN_10008120	FUN_10008120	Global	DEFAULT	true	false	false
10008160	Function	Tex_UploadMipMapToGlide	Tex_UploadMipMapToGlide	Global	USER_DEFINED	true	false	false
100081bf	Label	mip_level_selected	mip_level_selected	Global	USER_DEFINED	true	false	false
100081e9	Label	cache_slot_miss_evict_retry	cache_slot_miss_evict_retry	Global	USER_DEFINED	true	false	false
100082d3	Label	download_mipmap_to_glide	download_mipmap_to_glide	Global	USER_DEFINED	true	false	false
10008360	Function	FUN_10008360	FUN_10008360	Global	DEFAULT	true	false	false
100083e0	Function	FUN_100083e0	FUN_100083e0	Global	DEFAULT	true	false	false
10008630	Function	FUN_10008630	FUN_10008630	Global	DEFAULT	true	false	false
100087b0	Function	WinsysGlide_InitRendererObject	WinsysGlide_InitRendererObject	Global	USER_DEFINED	true	false	false
10008870	Function	FUN_10008870	FUN_10008870	Global	DEFAULT	true	false	false
10008880	Function	WinsysGlide_CheckVtableComplete	WinsysGlide_CheckVtableComplete	Global	USER_DEFINED	true	false	false
100088a0	Function	FUN_100088a0	FUN_100088a0	Global	DEFAULT	true	false	false
100088b0	Function	grClipWindow	GLIDE2X.DLL::grClipWindow	GLIDE2X.DLL	DEFAULT	true	false	false
100088b6	Function	grTexCalcMemRequired	GLIDE2X.DLL::grTexCalcMemRequired	GLIDE2X.DLL	DEFAULT	true	false	false
100088bc	Function	grGlideSetState	GLIDE2X.DLL::grGlideSetState	GLIDE2X.DLL	DEFAULT	true	false	false
100088c2	Function	grTexDownloadTable	GLIDE2X.DLL::grTexDownloadTable	GLIDE2X.DLL	DEFAULT	true	false	false
100088c8	Function	grChromakeyValue	GLIDE2X.DLL::grChromakeyValue	GLIDE2X.DLL	DEFAULT	true	false	false
100088ce	Function	grChromakeyMode	GLIDE2X.DLL::grChromakeyMode	GLIDE2X.DLL	DEFAULT	true	false	false
100088d4	Function	grTexClampMode	GLIDE2X.DLL::grTexClampMode	GLIDE2X.DLL	DEFAULT	true	false	false
100088da	Function	grTexMipMapMode	GLIDE2X.DLL::grTexMipMapMode	GLIDE2X.DLL	DEFAULT	true	false	false
100088e0	Function	grTexFilterMode	GLIDE2X.DLL::grTexFilterMode	GLIDE2X.DLL	DEFAULT	true	false	false
100088e6	Function	grAlphaTestReferenceValue	GLIDE2X.DLL::grAlphaTestReferenceValue	GLIDE2X.DLL	DEFAULT	true	false	false
100088ec	Function	grAlphaTestFunction	GLIDE2X.DLL::grAlphaTestFunction	GLIDE2X.DLL	DEFAULT	true	false	false
100088f2	Function	grTexCombine	GLIDE2X.DLL::grTexCombine	GLIDE2X.DLL	DEFAULT	true	false	false
100088f8	Function	grFogColorValue	GLIDE2X.DLL::grFogColorValue	GLIDE2X.DLL	DEFAULT	true	false	false
100088fe	Function	grAlphaCombine	GLIDE2X.DLL::grAlphaCombine	GLIDE2X.DLL	DEFAULT	true	false	false
10008904	Function	grConstantColorValue	GLIDE2X.DLL::grConstantColorValue	GLIDE2X.DLL	DEFAULT	true	false	false
1000890a	Function	grColorCombine	GLIDE2X.DLL::grColorCombine	GLIDE2X.DLL	DEFAULT	true	false	false
10008910	Function	grAlphaBlendFunction	GLIDE2X.DLL::grAlphaBlendFunction	GLIDE2X.DLL	DEFAULT	true	false	false
10008916	Function	grGlideGetState	GLIDE2X.DLL::grGlideGetState	GLIDE2X.DLL	DEFAULT	true	false	false
1000891c	Function	grFogMode	GLIDE2X.DLL::grFogMode	GLIDE2X.DLL	DEFAULT	true	false	false
10008922	Function	grDepthMask	GLIDE2X.DLL::grDepthMask	GLIDE2X.DLL	DEFAULT	true	false	false
10008928	Function	grDepthBufferFunction	GLIDE2X.DLL::grDepthBufferFunction	GLIDE2X.DLL	DEFAULT	true	false	false
1000892e	Function	grDepthBufferMode	GLIDE2X.DLL::grDepthBufferMode	GLIDE2X.DLL	DEFAULT	true	false	false
10008934	Function	grCullMode	GLIDE2X.DLL::grCullMode	GLIDE2X.DLL	DEFAULT	true	false	false
1000893a	Function	grRenderBuffer	GLIDE2X.DLL::grRenderBuffer	GLIDE2X.DLL	DEFAULT	true	false	false
10008940	Function	grHints	GLIDE2X.DLL::grHints	GLIDE2X.DLL	DEFAULT	true	false	false
10008946	Function	grDisableAllEffects	GLIDE2X.DLL::grDisableAllEffects	GLIDE2X.DLL	DEFAULT	true	false	false
1000894c	Function	grErrorSetCallback	GLIDE2X.DLL::grErrorSetCallback	GLIDE2X.DLL	DEFAULT	true	false	false
10008952	Function	grSstWinOpen	GLIDE2X.DLL::grSstWinOpen	GLIDE2X.DLL	DEFAULT	true	false	false
10008958	Function	grSstSelect	GLIDE2X.DLL::grSstSelect	GLIDE2X.DLL	DEFAULT	true	false	false
1000895e	Function	grBufferClear	GLIDE2X.DLL::grBufferClear	GLIDE2X.DLL	DEFAULT	true	false	false
10008964	Function	grSstIdle	GLIDE2X.DLL::grSstIdle	GLIDE2X.DLL	DEFAULT	true	false	false
1000896a	Function	grBufferSwap	GLIDE2X.DLL::grBufferSwap	GLIDE2X.DLL	DEFAULT	true	false	false
10008970	Function	grSstWinClose	GLIDE2X.DLL::grSstWinClose	GLIDE2X.DLL	DEFAULT	true	false	false
10008976	Function	grDrawTriangle	GLIDE2X.DLL::grDrawTriangle	GLIDE2X.DLL	DEFAULT	true	false	false
1000897c	Function	grAADrawLine	GLIDE2X.DLL::grAADrawLine	GLIDE2X.DLL	DEFAULT	true	false	false
10008982	Function	grDrawPoint	GLIDE2X.DLL::grDrawPoint	GLIDE2X.DLL	DEFAULT	true	false	false
10008988	Function	grAADrawPoint	GLIDE2X.DLL::grAADrawPoint	GLIDE2X.DLL	DEFAULT	true	false	false
1000898e	Function	grDrawPolygonVertexList	GLIDE2X.DLL::grDrawPolygonVertexList	GLIDE2X.DLL	DEFAULT	true	false	false
10008994	Function	grTexSource	GLIDE2X.DLL::grTexSource	GLIDE2X.DLL	DEFAULT	true	false	false
1000899a	Function	grLfbReadRegion	GLIDE2X.DLL::grLfbReadRegion	GLIDE2X.DLL	DEFAULT	true	false	false
100089a0	Function	grSstQueryHardware	GLIDE2X.DLL::grSstQueryHardware	GLIDE2X.DLL	DEFAULT	true	false	false
100089a6	Function	grGlideInit	GLIDE2X.DLL::grGlideInit	GLIDE2X.DLL	DEFAULT	true	false	false
100089ac	Function	grSstQueryBoards	GLIDE2X.DLL::grSstQueryBoards	GLIDE2X.DLL	DEFAULT	true	false	false
100089b2	Function	grGlideShutdown	GLIDE2X.DLL::grGlideShutdown	GLIDE2X.DLL	DEFAULT	true	false	false
100089b8	Function	grTexMaxAddress	GLIDE2X.DLL::grTexMaxAddress	GLIDE2X.DLL	DEFAULT	true	false	false
100089be	Function	grTexMinAddress	GLIDE2X.DLL::grTexMinAddress	GLIDE2X.DLL	DEFAULT	true	false	false
100089c4	Function	grTexDownloadMipMap	GLIDE2X.DLL::grTexDownloadMipMap	GLIDE2X.DLL	DEFAULT	true	false	false
100089d0	Function	FUN_100089d0	FUN_100089d0	Global	DEFAULT	true	false	false
10008a50	Function	FUN_10008a50	FUN_10008a50	Global	DEFAULT	true	false	false
10008b10	Function	FUN_10008b10	FUN_10008b10	Global	DEFAULT	true	false	false
10008bd0	Function	FUN_10008bd0	FUN_10008bd0	Global	DEFAULT	true	false	false
10008c00	Function	FUN_10008c00	FUN_10008c00	Global	DEFAULT	true	false	false
10008c70	Function	FUN_10008c70	FUN_10008c70	Global	DEFAULT	true	false	false
10008ca0	Function	FUN_10008ca0	FUN_10008ca0	Global	DEFAULT	true	false	false
10008d10	Function	FUN_10008d10	FUN_10008d10	Global	DEFAULT	true	false	false
10008d20	Function	FUN_10008d20	FUN_10008d20	Global	DEFAULT	true	false	false
10008d40	Function	FUN_10008d40	FUN_10008d40	Global	DEFAULT	true	false	false
10008d90	Function	FUN_10008d90	FUN_10008d90	Global	DEFAULT	true	false	false
10008df0	Function	FUN_10008df0	FUN_10008df0	Global	DEFAULT	true	false	false
10008e40	Function	FUN_10008e40	FUN_10008e40	Global	DEFAULT	true	false	false
10008e58	Function	FUN_10008e58	FUN_10008e58	Global	DEFAULT	true	false	false
10008e90	Function	__ftol	__ftol	Global	ANALYSIS	true	false	false
10008eb7	Function	FUN_10008eb7	FUN_10008eb7	Global	DEFAULT	true	false	false
10008f1f	Function	FUN_10008f1f	FUN_10008f1f	Global	DEFAULT	true	false	false
10008f37	Function	FUN_10008f37	FUN_10008f37	Global	DEFAULT	true	false	false
10008f95	Function	FUN_10008f95	FUN_10008f95	Global	DEFAULT	true	false	false
10008fab	Function	FUN_10008fab	FUN_10008fab	Global	DEFAULT	true	false	false
10009015	Function	FUN_10009015	FUN_10009015	Global	DEFAULT	true	false	false
1000902d	Function	FUN_1000902d	FUN_1000902d	Global	DEFAULT	true	false	false
10009061	Function	FUN_10009061	FUN_10009061	Global	DEFAULT	true	false	false
10009068	Function	FUN_10009068	FUN_10009068	Global	DEFAULT	true	false	false
1000906f	Function	FUN_1000906f	FUN_1000906f	Global	DEFAULT	true	false	false
100090be	Function	FUN_100090be	FUN_100090be	Global	DEFAULT	true	false	false
100090f4	Function	FUN_100090f4	FUN_100090f4	Global	DEFAULT	true	false	false
10009148	Function	FUN_10009148	FUN_10009148	Global	DEFAULT	true	false	false
1000916d	Function	FUN_1000916d	FUN_1000916d	Global	DEFAULT	true	false	false
10009223	Function	FUN_10009223	FUN_10009223	Global	DEFAULT	true	false	false
10009298	Function	FUN_10009298	FUN_10009298	Global	DEFAULT	true	false	false
10009314	Function	__global_unwind2	__global_unwind2	Global	ANALYSIS	true	false	false
10009356	Function	__local_unwind2	__local_unwind2	Global	ANALYSIS	true	false	false
100093be	Function	__abnormal_termination	__abnormal_termination	Global	ANALYSIS	true	false	false
100093e1	Function	__NLG_Notify1	__NLG_Notify1	Global	ANALYSIS	true	false	false
100093ea	Function	FUN_100093ea	FUN_100093ea	Global	DEFAULT	true	false	false
10009402	Function	_rand	_rand	Global	ANALYSIS	true	false	false
10009424	Function	FUN_10009424	FUN_10009424	Global	DEFAULT	true	false	false
10009451	Function	FUN_10009451	FUN_10009451	Global	DEFAULT	true	false	false
10009462	Function	__exit	__exit	Global	ANALYSIS	true	false	false
10009473	Function	FUN_10009473	FUN_10009473	Global	DEFAULT	true	false	false
10009482	Function	FUN_10009482	FUN_10009482	Global	DEFAULT	true	false	false
10009527	Function	FUN_10009527	FUN_10009527	Global	DEFAULT	true	false	false
10009530	Function	FUN_10009530	FUN_10009530	Global	DEFAULT	true	false	false
10009539	Function	FUN_10009539	FUN_10009539	Global	DEFAULT	true	false	false
10009553	Function	FUN_10009553	FUN_10009553	Global	DEFAULT	true	false	false
1000962c	Function	entry	entry	Global	IMPORTED	true	false	true
100096c9	Function	__amsg_exit	__amsg_exit	Global	ANALYSIS	true	false	false
10009700	Function	FUN_10009700	FUN_10009700	Global	DEFAULT	true	false	false
1000971d	Function	FUN_1000971d	FUN_1000971d	Global	DEFAULT	true	false	false
10009887	Function	FUN_10009887	FUN_10009887	Global	DEFAULT	true	false	false
100098b6	Function	FUN_100098b6	FUN_100098b6	Global	DEFAULT	true	false	false
100098d9	Function	FUN_100098d9	FUN_100098d9	Global	DEFAULT	true	false	false
10009908	Function	FUN_10009908	FUN_10009908	Global	DEFAULT	true	false	false
1000992b	Function	_malloc	_malloc	Global	ANALYSIS	true	false	false
1000993d	Function	__nh_malloc	__nh_malloc	Global	ANALYSIS	true	false	false
10009969	Function	FUN_10009969	FUN_10009969	Global	DEFAULT	true	false	false
100099d0	Function	FUN_100099d0	FUN_100099d0	Global	DEFAULT	true	false	false
10009a2f	Function	FUN_10009a2f	FUN_10009a2f	Global	DEFAULT	true	false	false
10009a65	Function	FUN_10009a65	FUN_10009a65	Global	DEFAULT	true	false	false
10009acf	Function	FUN_10009acf	FUN_10009acf	Global	DEFAULT	true	false	false
10009b27	Function	FUN_10009b27	FUN_10009b27	Global	DEFAULT	true	false	false
10009b4e	Function	FUN_10009b4e	FUN_10009b4e	Global	DEFAULT	true	false	false
10009b60	Function	FUN_10009b60	FUN_10009b60	Global	DEFAULT	true	false	false
10009b9e	Function	FUN_10009b9e	FUN_10009b9e	Global	DEFAULT	true	false	false
10009bc7	Function	FUN_10009bc7	FUN_10009bc7	Global	DEFAULT	true	false	false
10009c87	Function	__fassign	__fassign	Global	ANALYSIS	true	false	false
10009cc5	Function	FUN_10009cc5	FUN_10009cc5	Global	DEFAULT	true	false	false
10009d26	Function	FUN_10009d26	FUN_10009d26	Global	DEFAULT	true	false	false
10009de8	Function	FUN_10009de8	FUN_10009de8	Global	DEFAULT	true	false	false
10009e3d	Function	FUN_10009e3d	FUN_10009e3d	Global	DEFAULT	true	false	false
10009ee4	Function	FUN_10009ee4	FUN_10009ee4	Global	DEFAULT	true	false	false
10009f77	Function	__cfltcvt	__cfltcvt	Global	ANALYSIS	true	false	false
10009fc8	Function	FUN_10009fc8	FUN_10009fc8	Global	DEFAULT	true	false	false
1000a0b5	Function	FUN_1000a0b5	FUN_1000a0b5	Global	DEFAULT	true	false	false
1000a0d0	Function	FUN_1000a0d0	FUN_1000a0d0	Global	DEFAULT	true	false	false
1000a131	Function	FUN_1000a131	FUN_1000a131	Global	DEFAULT	true	false	false
1000a187	Function	FUN_1000a187	FUN_1000a187	Global	DEFAULT	true	false	false
1000a222	Function	FUN_1000a222	FUN_1000a222	Global	DEFAULT	true	false	false
1000a3d5	Function	FUN_1000a3d5	FUN_1000a3d5	Global	DEFAULT	true	false	false
1000a47f	Function	FUN_1000a47f	FUN_1000a47f	Global	DEFAULT	true	false	false
1000a4dc	Function	FUN_1000a4dc	FUN_1000a4dc	Global	DEFAULT	true	false	false
1000a57a	Function	FUN_1000a57a	FUN_1000a57a	Global	DEFAULT	true	false	false
1000a5f5	Function	FUN_1000a5f5	FUN_1000a5f5	Global	DEFAULT	true	false	false
1000a6c2	Function	FUN_1000a6c2	FUN_1000a6c2	Global	DEFAULT	true	false	false
1000a710	Function	FUN_1000a710	FUN_1000a710	Global	DEFAULT	true	false	false
1000a73a	Function	FUN_1000a73a	FUN_1000a73a	Global	DEFAULT	true	false	false
1000a8fe	Function	FUN_1000a8fe	FUN_1000a8fe	Global	DEFAULT	true	false	false
1000a965	Function	FUN_1000a965	FUN_1000a965	Global	DEFAULT	true	false	false
1000a990	Function	__CallSettingFrame@12	__CallSettingFrame@12	Global	ANALYSIS	true	false	false
1000a9dc	Function	FUN_1000a9dc	FUN_1000a9dc	Global	DEFAULT	true	false	false
1000aa30	Function	FUN_1000aa30	FUN_1000aa30	Global	DEFAULT	true	false	false
1000aa4e	Function	FUN_1000aa4e	FUN_1000aa4e	Global	DEFAULT	true	false	false
1000aa61	Function	FUN_1000aa61	FUN_1000aa61	Global	DEFAULT	true	false	false
1000aac8	Function	FUN_1000aac8	FUN_1000aac8	Global	DEFAULT	true	false	false
1000ab68	Function	FUN_1000ab68	FUN_1000ab68	Global	DEFAULT	true	false	false
1000ab91	Function	FUN_1000ab91	FUN_1000ab91	Global	DEFAULT	true	false	false
1000abfd	Function	FUN_1000abfd	FUN_1000abfd	Global	DEFAULT	true	false	false
1000ac5e	Function	FUN_1000ac5e	FUN_1000ac5e	Global	DEFAULT	true	false	false
1000ac73	Function	FUN_1000ac73	FUN_1000ac73	Global	DEFAULT	true	false	false
1000ae2f	Function	FUN_1000ae2f	FUN_1000ae2f	Global	DEFAULT	true	false	false
1000ae83	Function	FUN_1000ae83	FUN_1000ae83	Global	DEFAULT	true	false	false
1000af3c	Function	FUN_1000af3c	FUN_1000af3c	Global	DEFAULT	true	false	false
1000afd5	Function	FUN_1000afd5	FUN_1000afd5	Global	DEFAULT	true	false	false
1000b189	Function	FUN_1000b189	FUN_1000b189	Global	DEFAULT	true	false	false
1000b2bb	Function	FUN_1000b2bb	FUN_1000b2bb	Global	DEFAULT	true	false	false
1000b2e8	Function	FUN_1000b2e8	FUN_1000b2e8	Global	DEFAULT	true	false	false
1000b430	Function	FUN_1000b430	FUN_1000b430	Global	DEFAULT	true	false	false
1000b48d	Function	FUN_1000b48d	FUN_1000b48d	Global	DEFAULT	true	false	false
1000b535	Function	FUN_1000b535	FUN_1000b535	Global	DEFAULT	true	false	false
1000b53b	Function	FUN_1000b53b	FUN_1000b53b	Global	DEFAULT	true	false	false
1000b574	Function	FUN_1000b574	FUN_1000b574	Global	DEFAULT	true	false	false
1000b8a0	Function	FUN_1000b8a0	FUN_1000b8a0	Global	DEFAULT	true	false	false
1000b8b7	Function	__startOneArgErrorHandling	__startOneArgErrorHandling	Global	ANALYSIS	true	false	false
1000b915	Function	FUN_1000b915	FUN_1000b915	Global	DEFAULT	true	false	false
1000b92c	Function	FUN_1000b92c	FUN_1000b92c	Global	DEFAULT	true	false	false
1000b988	Function	FUN_1000b988	FUN_1000b988	Global	DEFAULT	true	false	false
1000b9ab	Function	__math_exit	__math_exit	Global	ANALYSIS	true	false	false
1000ba8c	Function	FUN_1000ba8c	FUN_1000ba8c	Global	DEFAULT	true	false	false
1000bb25	Function	FUN_1000bb25	FUN_1000bb25	Global	DEFAULT	true	false	false
1000bbae	Function	FUN_1000bbae	FUN_1000bbae	Global	DEFAULT	true	false	false
1000bc4a	Function	FUN_1000bc4a	FUN_1000bc4a	Global	DEFAULT	true	false	false
1000bc78	Function	FUN_1000bc78	FUN_1000bc78	Global	DEFAULT	true	false	false
1000bcdd	Function	FUN_1000bcdd	FUN_1000bcdd	Global	DEFAULT	true	false	false
1000bd81	Function	FUN_1000bd81	FUN_1000bd81	Global	DEFAULT	true	false	false
1000bd9c	Function	FUN_1000bd9c	FUN_1000bd9c	Global	DEFAULT	true	false	false
1000bde4	Function	FUN_1000bde4	FUN_1000bde4	Global	DEFAULT	true	false	false
1000be0f	Function	FUN_1000be0f	FUN_1000be0f	Global	DEFAULT	true	false	false
1000c138	Function	FUN_1000c138	FUN_1000c138	Global	DEFAULT	true	false	false
1000c441	Function	FUN_1000c441	FUN_1000c441	Global	DEFAULT	true	false	false
1000c4f2	Function	FUN_1000c4f2	FUN_1000c4f2	Global	DEFAULT	true	false	false
1000c5ed	Function	FUN_1000c5ed	FUN_1000c5ed	Global	DEFAULT	true	false	false
1000c731	Function	FUN_1000c731	FUN_1000c731	Global	DEFAULT	true	false	false
1000c787	Function	FUN_1000c787	FUN_1000c787	Global	DEFAULT	true	false	false
1000c849	Function	FUN_1000c849	FUN_1000c849	Global	DEFAULT	true	false	false
1000c8a0	Function	FUN_1000c8a0	FUN_1000c8a0	Global	DEFAULT	true	false	false
1000c8e5	Function	FUN_1000c8e5	FUN_1000c8e5	Global	DEFAULT	true	false	false
1000caed	Function	FUN_1000caed	FUN_1000caed	Global	DEFAULT	true	false	false
1000cc11	Function	FUN_1000cc11	FUN_1000cc11	Global	DEFAULT	true	false	false
1000cc46	Function	FUN_1000cc46	FUN_1000cc46	Global	DEFAULT	true	false	false
1000cc5c	Function	FUN_1000cc5c	FUN_1000cc5c	Global	DEFAULT	true	false	false
1000ccee	Function	FUN_1000ccee	FUN_1000ccee	Global	DEFAULT	true	false	false
1000cd77	Function	FUN_1000cd77	FUN_1000cd77	Global	DEFAULT	true	false	false
1000cdec	Function	FUN_1000cdec	FUN_1000cdec	Global	DEFAULT	true	false	false
1000ce5b	Function	FUN_1000ce5b	FUN_1000ce5b	Global	DEFAULT	true	false	false
1000cf26	Function	FUN_1000cf26	FUN_1000cf26	Global	DEFAULT	true	false	false
1000cf6f	Function	FUN_1000cf6f	FUN_1000cf6f	Global	DEFAULT	true	false	false
1000cfc5	Function	FUN_1000cfc5	FUN_1000cfc5	Global	DEFAULT	true	false	false
1000d051	Function	FUN_1000d051	FUN_1000d051	Global	DEFAULT	true	false	false
1000d06c	Function	FUN_1000d06c	FUN_1000d06c	Global	DEFAULT	true	false	false
1000d078	Function	FUN_1000d078	FUN_1000d078	Global	DEFAULT	true	false	false
1000d093	Function	FUN_1000d093	FUN_1000d093	Global	DEFAULT	true	false	false
1000d120	Function	FUN_1000d120	FUN_1000d120	Global	DEFAULT	true	false	false
1000d28c	Function	FUN_1000d28c	FUN_1000d28c	Global	DEFAULT	true	false	false
1000d2a2	Function	FUN_1000d2a2	FUN_1000d2a2	Global	DEFAULT	true	false	false
1000d2b8	Function	FUN_1000d2b8	FUN_1000d2b8	Global	DEFAULT	true	false	false
1000d2e5	Function	FUN_1000d2e5	FUN_1000d2e5	Global	DEFAULT	true	false	false
1000d312	Function	FUN_1000d312	FUN_1000d312	Global	DEFAULT	true	false	false
1000d389	Function	FUN_1000d389	FUN_1000d389	Global	DEFAULT	true	false	false
1000d3e5	Function	FUN_1000d3e5	FUN_1000d3e5	Global	DEFAULT	true	false	false
1000d4a0	Function	FUN_1000d4a0	FUN_1000d4a0	Global	DEFAULT	true	false	false
1000d4b0	Function	FUN_1000d4b0	FUN_1000d4b0	Global	DEFAULT	true	false	false
1000d590	Function	_memset	_memset	Global	ANALYSIS	true	false	false
1000d5f0	Function	FUN_1000d5f0	FUN_1000d5f0	Global	DEFAULT	true	false	false
1000d625	Label	switchD	switchD_1000d625::switchD	switchD_1000d625	ANALYSIS	true	false	false
1000d638	Label	default	switchD_1000d644::default	switchD_1000d644	ANALYSIS	true	false	false
1000d63d	Label	switchD	switchD_1000d63d::switchD	switchD_1000d63d	ANALYSIS	true	false	false
1000d644	Label	switchD	switchD_1000d644::switchD	switchD_1000d644	ANALYSIS	true	false	false
1000d64c	Label	switchD	switchD_1000d64c::switchD	switchD_1000d64c	ANALYSIS	true	false	false
1000d654	Label	switchdataD_1000d654	switchD_1000d63d::switchdataD_1000d654	switchD_1000d63d	ANALYSIS	true	false	false
1000d660	Label	caseD_1	switchD_1000d63d::caseD_1	switchD_1000d63d	ANALYSIS	true	false	false
1000d682	Label	switchD	switchD_1000d682::switchD	switchD_1000d682	ANALYSIS	true	false	false
1000d68c	Label	caseD_2	switchD_1000d63d::caseD_2	switchD_1000d63d	ANALYSIS	true	false	false
1000d6a8	Label	switchD	switchD_1000d6a8::switchD	switchD_1000d6a8	ANALYSIS	true	false	false
1000d6b0	Label	caseD_3	switchD_1000d63d::caseD_3	switchD_1000d63d	ANALYSIS	true	false	false
1000d6c2	Label	switchD	switchD_1000d6c2::switchD	switchD_1000d6c2	ANALYSIS	true	false	false
1000d6cc	Label	switchdataD_1000d6cc	switchD_1000d64c::switchdataD_1000d6cc	switchD_1000d64c	ANALYSIS	true	false	false
1000d6ec	Label	caseD_7	switchD_1000d64c::caseD_7	switchD_1000d64c	ANALYSIS	true	false	false
1000d6f4	Label	caseD_6	switchD_1000d64c::caseD_6	switchD_1000d64c	ANALYSIS	true	false	false
1000d6fc	Label	caseD_5	switchD_1000d64c::caseD_5	switchD_1000d64c	ANALYSIS	true	false	false
1000d704	Label	caseD_4	switchD_1000d64c::caseD_4	switchD_1000d64c	ANALYSIS	true	false	false
1000d70c	Label	caseD_3	switchD_1000d64c::caseD_3	switchD_1000d64c	ANALYSIS	true	false	false
1000d714	Label	caseD_2	switchD_1000d64c::caseD_2	switchD_1000d64c	ANALYSIS	true	false	false
1000d71c	Label	caseD_1	switchD_1000d64c::caseD_1	switchD_1000d64c	ANALYSIS	true	false	false
1000d72f	Label	caseD_0	switchD_1000d64c::caseD_0	switchD_1000d64c	ANALYSIS	true	false	false
1000d72f	Label	switchD	switchD_1000d72f::switchD	switchD_1000d72f	ANALYSIS	false	false	false
1000d738	Label	switchdataD_1000d738	switchD_1000d625::switchdataD_1000d738	switchD_1000d625	ANALYSIS	true	false	false
1000d748	Label	caseD_0	switchD_1000d625::caseD_0	switchD_1000d625	ANALYSIS	true	false	false
1000d748	Label	caseD_0	switchD_1000d644::caseD_0	switchD_1000d644	ANALYSIS	false	false	false
1000d748	Label	caseD_0	switchD_1000d72f::caseD_0	switchD_1000d72f	ANALYSIS	false	false	false
1000d748	Label	caseD_0	switchD_1000d6c2::caseD_0	switchD_1000d6c2	ANALYSIS	false	false	false
1000d748	Label	caseD_0	switchD_1000d6a8::caseD_0	switchD_1000d6a8	ANALYSIS	false	false	false
1000d748	Label	caseD_0	switchD_1000d682::caseD_0	switchD_1000d682	ANALYSIS	false	false	false
1000d750	Label	caseD_1	switchD_1000d625::caseD_1	switchD_1000d625	ANALYSIS	true	false	false
1000d750	Label	caseD_1	switchD_1000d644::caseD_1	switchD_1000d644	ANALYSIS	false	false	false
1000d750	Label	caseD_1	switchD_1000d72f::caseD_1	switchD_1000d72f	ANALYSIS	false	false	false
1000d750	Label	caseD_1	switchD_1000d6c2::caseD_1	switchD_1000d6c2	ANALYSIS	false	false	false
1000d750	Label	caseD_1	switchD_1000d6a8::caseD_1	switchD_1000d6a8	ANALYSIS	false	false	false
1000d750	Label	caseD_1	switchD_1000d682::caseD_1	switchD_1000d682	ANALYSIS	false	false	false
1000d75c	Label	caseD_2	switchD_1000d625::caseD_2	switchD_1000d625	ANALYSIS	true	false	false
1000d75c	Label	caseD_2	switchD_1000d644::caseD_2	switchD_1000d644	ANALYSIS	false	false	false
1000d75c	Label	caseD_2	switchD_1000d72f::caseD_2	switchD_1000d72f	ANALYSIS	false	false	false
1000d75c	Label	caseD_2	switchD_1000d6c2::caseD_2	switchD_1000d6c2	ANALYSIS	false	false	false
1000d75c	Label	caseD_2	switchD_1000d6a8::caseD_2	switchD_1000d6a8	ANALYSIS	false	false	false
1000d75c	Label	caseD_2	switchD_1000d682::caseD_2	switchD_1000d682	ANALYSIS	false	false	false
1000d770	Label	caseD_3	switchD_1000d625::caseD_3	switchD_1000d625	ANALYSIS	true	false	false
1000d770	Label	caseD_3	switchD_1000d644::caseD_3	switchD_1000d644	ANALYSIS	false	false	false
1000d770	Label	caseD_3	switchD_1000d72f::caseD_3	switchD_1000d72f	ANALYSIS	false	false	false
1000d770	Label	caseD_3	switchD_1000d6c2::caseD_3	switchD_1000d6c2	ANALYSIS	false	false	false
1000d770	Label	caseD_3	switchD_1000d6a8::caseD_3	switchD_1000d6a8	ANALYSIS	false	false	false
1000d770	Label	caseD_3	switchD_1000d682::caseD_3	switchD_1000d682	ANALYSIS	false	false	false
1000d7a7	Label	switchD	switchD_1000d7a7::switchD	switchD_1000d7a7	ANALYSIS	true	false	false
1000d7b2	Label	switchD	switchD_1000d7b2::switchD	switchD_1000d7b2	ANALYSIS	true	false	false
1000d7c8	Label	default	switchD_1000d7d4::default	switchD_1000d7d4	ANALYSIS	true	false	false
1000d7cd	Label	switchD	switchD_1000d7cd::switchD	switchD_1000d7cd	ANALYSIS	true	false	false
1000d7d4	Label	switchD	switchD_1000d7d4::switchD	switchD_1000d7d4	ANALYSIS	true	false	false
1000d7dc	Label	switchdataD_1000d7dc	switchD_1000d7cd::switchdataD_1000d7dc	switchD_1000d7cd	ANALYSIS	true	false	false
1000d7e8	Label	caseD_1	switchD_1000d7cd::caseD_1	switchD_1000d7cd	ANALYSIS	true	false	false
1000d7fe	Label	switchD	switchD_1000d7fe::switchD	switchD_1000d7fe	ANALYSIS	true	false	false
1000d808	Label	caseD_2	switchD_1000d7cd::caseD_2	switchD_1000d7cd	ANALYSIS	true	false	false
1000d828	Label	switchD	switchD_1000d828::switchD	switchD_1000d828	ANALYSIS	true	false	false
1000d830	Label	caseD_3	switchD_1000d7cd::caseD_3	switchD_1000d7cd	ANALYSIS	true	false	false
1000d85a	Label	switchD	switchD_1000d85a::switchD	switchD_1000d85a	ANALYSIS	true	false	false
1000d864	Label	switchdataD_1000d864	switchD_1000d7b2::switchdataD_1000d864	switchD_1000d7b2	ANALYSIS	true	false	false
1000d884	Label	caseD_7	switchD_1000d7b2::caseD_7	switchD_1000d7b2	ANALYSIS	true	false	false
1000d88c	Label	caseD_6	switchD_1000d7b2::caseD_6	switchD_1000d7b2	ANALYSIS	true	false	false
1000d894	Label	caseD_5	switchD_1000d7b2::caseD_5	switchD_1000d7b2	ANALYSIS	true	false	false
1000d89c	Label	caseD_4	switchD_1000d7b2::caseD_4	switchD_1000d7b2	ANALYSIS	true	false	false
1000d8a4	Label	caseD_3	switchD_1000d7b2::caseD_3	switchD_1000d7b2	ANALYSIS	true	false	false
1000d8ac	Label	caseD_2	switchD_1000d7b2::caseD_2	switchD_1000d7b2	ANALYSIS	true	false	false
1000d8b4	Label	caseD_1	switchD_1000d7b2::caseD_1	switchD_1000d7b2	ANALYSIS	true	false	false
1000d8c7	Label	caseD_0	switchD_1000d7b2::caseD_0	switchD_1000d7b2	ANALYSIS	true	false	false
1000d8c7	Label	switchD	switchD_1000d8c7::switchD	switchD_1000d8c7	ANALYSIS	false	false	false
1000d8d0	Label	switchdataD_1000d8d0	switchD_1000d7a7::switchdataD_1000d8d0	switchD_1000d7a7	ANALYSIS	true	false	false
1000d8e0	Label	caseD_0	switchD_1000d7a7::caseD_0	switchD_1000d7a7	ANALYSIS	true	false	false
1000d8e0	Label	caseD_0	switchD_1000d7d4::caseD_0	switchD_1000d7d4	ANALYSIS	false	false	false
1000d8e0	Label	caseD_0	switchD_1000d8c7::caseD_0	switchD_1000d8c7	ANALYSIS	false	false	false
1000d8e0	Label	caseD_0	switchD_1000d85a::caseD_0	switchD_1000d85a	ANALYSIS	false	false	false
1000d8e0	Label	caseD_0	switchD_1000d828::caseD_0	switchD_1000d828	ANALYSIS	false	false	false
1000d8e0	Label	caseD_0	switchD_1000d7fe::caseD_0	switchD_1000d7fe	ANALYSIS	false	false	false
1000d8e8	Label	caseD_1	switchD_1000d7a7::caseD_1	switchD_1000d7a7	ANALYSIS	true	false	false
1000d8e8	Label	caseD_1	switchD_1000d7d4::caseD_1	switchD_1000d7d4	ANALYSIS	false	false	false
1000d8e8	Label	caseD_1	switchD_1000d8c7::caseD_1	switchD_1000d8c7	ANALYSIS	false	false	false
1000d8e8	Label	caseD_1	switchD_1000d85a::caseD_1	switchD_1000d85a	ANALYSIS	false	false	false
1000d8e8	Label	caseD_1	switchD_1000d828::caseD_1	switchD_1000d828	ANALYSIS	false	false	false
1000d8e8	Label	caseD_1	switchD_1000d7fe::caseD_1	switchD_1000d7fe	ANALYSIS	false	false	false
1000d8f8	Label	caseD_2	switchD_1000d7a7::caseD_2	switchD_1000d7a7	ANALYSIS	true	false	false
1000d8f8	Label	caseD_2	switchD_1000d7d4::caseD_2	switchD_1000d7d4	ANALYSIS	false	false	false
1000d8f8	Label	caseD_2	switchD_1000d8c7::caseD_2	switchD_1000d8c7	ANALYSIS	false	false	false
1000d8f8	Label	caseD_2	switchD_1000d85a::caseD_2	switchD_1000d85a	ANALYSIS	false	false	false
1000d8f8	Label	caseD_2	switchD_1000d828::caseD_2	switchD_1000d828	ANALYSIS	false	false	false
1000d8f8	Label	caseD_2	switchD_1000d7fe::caseD_2	switchD_1000d7fe	ANALYSIS	false	false	false
1000d90c	Label	caseD_3	switchD_1000d7a7::caseD_3	switchD_1000d7a7	ANALYSIS	true	false	false
1000d90c	Label	caseD_3	switchD_1000d7d4::caseD_3	switchD_1000d7d4	ANALYSIS	false	false	false
1000d90c	Label	caseD_3	switchD_1000d8c7::caseD_3	switchD_1000d8c7	ANALYSIS	false	false	false
1000d90c	Label	caseD_3	switchD_1000d85a::caseD_3	switchD_1000d85a	ANALYSIS	false	false	false
1000d90c	Label	caseD_3	switchD_1000d828::caseD_3	switchD_1000d828	ANALYSIS	false	false	false
1000d90c	Label	caseD_3	switchD_1000d7fe::caseD_3	switchD_1000d7fe	ANALYSIS	false	false	false
1000d930	Function	_strlen	_strlen	Global	ANALYSIS	true	false	false
1000d9b4	Function	FUN_1000d9b4	FUN_1000d9b4	Global	DEFAULT	true	false	false
1000d9cb	Function	FUN_1000d9cb	FUN_1000d9cb	Global	DEFAULT	true	false	false
1000da2f	Function	FUN_1000da2f	FUN_1000da2f	Global	DEFAULT	true	false	false
1000da4b	Function	FUN_1000da4b	FUN_1000da4b	Global	DEFAULT	true	false	false
1000da67	Function	FUN_1000da67	FUN_1000da67	Global	DEFAULT	true	false	false
1000da80	Function	_strcmp	_strcmp	Global	ANALYSIS	true	false	false
1000db04	Function	FUN_1000db04	FUN_1000db04	Global	DEFAULT	true	false	false
1000db77	Function	FUN_1000db77	FUN_1000db77	Global	DEFAULT	true	false	false
1000dbdc	Function	FUN_1000dbdc	FUN_1000dbdc	Global	DEFAULT	true	false	false
1000de55	Function	FUN_1000de55	FUN_1000de55	Global	DEFAULT	true	false	false
1000e002	Function	FUN_1000e002	FUN_1000e002	Global	DEFAULT	true	false	false
1000e04c	Function	FUN_1000e04c	FUN_1000e04c	Global	DEFAULT	true	false	false
1000e07f	Function	FUN_1000e07f	FUN_1000e07f	Global	DEFAULT	true	false	false
1000e0a8	Function	FUN_1000e0a8	FUN_1000e0a8	Global	DEFAULT	true	false	false
1000e22d	Function	FUN_1000e22d	FUN_1000e22d	Global	DEFAULT	true	false	false
1000e250	Function	FUN_1000e250	FUN_1000e250	Global	DEFAULT	true	false	false
1000e285	Label	switchD	switchD_1000e285::switchD	switchD_1000e285	ANALYSIS	true	false	false
1000e298	Label	default	switchD_1000e2a4::default	switchD_1000e2a4	ANALYSIS	true	false	false
1000e29d	Label	switchD	switchD_1000e29d::switchD	switchD_1000e29d	ANALYSIS	true	false	false
1000e2a4	Label	switchD	switchD_1000e2a4::switchD	switchD_1000e2a4	ANALYSIS	true	false	false
1000e2ac	Label	switchD	switchD_1000e2ac::switchD	switchD_1000e2ac	ANALYSIS	true	false	false
1000e2b4	Label	switchdataD_1000e2b4	switchD_1000e29d::switchdataD_1000e2b4	switchD_1000e29d	ANALYSIS	true	false	false
1000e2c0	Label	caseD_1	switchD_1000e29d::caseD_1	switchD_1000e29d	ANALYSIS	true	false	false
1000e2e2	Label	switchD	switchD_1000e2e2::switchD	switchD_1000e2e2	ANALYSIS	true	false	false
1000e2ec	Label	caseD_2	switchD_1000e29d::caseD_2	switchD_1000e29d	ANALYSIS	true	false	false
1000e308	Label	switchD	switchD_1000e308::switchD	switchD_1000e308	ANALYSIS	true	false	false
1000e310	Label	caseD_3	switchD_1000e29d::caseD_3	switchD_1000e29d	ANALYSIS	true	false	false
1000e322	Label	switchD	switchD_1000e322::switchD	switchD_1000e322	ANALYSIS	true	false	false
1000e32c	Label	switchdataD_1000e32c	switchD_1000e2ac::switchdataD_1000e32c	switchD_1000e2ac	ANALYSIS	true	false	false
1000e34c	Label	caseD_7	switchD_1000e2ac::caseD_7	switchD_1000e2ac	ANALYSIS	true	false	false
1000e354	Label	caseD_6	switchD_1000e2ac::caseD_6	switchD_1000e2ac	ANALYSIS	true	false	false
1000e35c	Label	caseD_5	switchD_1000e2ac::caseD_5	switchD_1000e2ac	ANALYSIS	true	false	false
1000e364	Label	caseD_4	switchD_1000e2ac::caseD_4	switchD_1000e2ac	ANALYSIS	true	false	false
1000e36c	Label	caseD_3	switchD_1000e2ac::caseD_3	switchD_1000e2ac	ANALYSIS	true	false	false
1000e374	Label	caseD_2	switchD_1000e2ac::caseD_2	switchD_1000e2ac	ANALYSIS	true	false	false
1000e37c	Label	caseD_1	switchD_1000e2ac::caseD_1	switchD_1000e2ac	ANALYSIS	true	false	false
1000e38f	Label	caseD_0	switchD_1000e2ac::caseD_0	switchD_1000e2ac	ANALYSIS	true	false	false
1000e38f	Label	switchD	switchD_1000e38f::switchD	switchD_1000e38f	ANALYSIS	false	false	false
1000e398	Label	switchdataD_1000e398	switchD_1000e285::switchdataD_1000e398	switchD_1000e285	ANALYSIS	true	false	false
1000e3a8	Label	caseD_0	switchD_1000e285::caseD_0	switchD_1000e285	ANALYSIS	true	false	false
1000e3a8	Label	caseD_0	switchD_1000e2a4::caseD_0	switchD_1000e2a4	ANALYSIS	false	false	false
1000e3a8	Label	caseD_0	switchD_1000e38f::caseD_0	switchD_1000e38f	ANALYSIS	false	false	false
1000e3a8	Label	caseD_0	switchD_1000e322::caseD_0	switchD_1000e322	ANALYSIS	false	false	false
1000e3a8	Label	caseD_0	switchD_1000e308::caseD_0	switchD_1000e308	ANALYSIS	false	false	false
1000e3a8	Label	caseD_0	switchD_1000e2e2::caseD_0	switchD_1000e2e2	ANALYSIS	false	false	false
1000e3b0	Label	caseD_1	switchD_1000e285::caseD_1	switchD_1000e285	ANALYSIS	true	false	false
1000e3b0	Label	caseD_1	switchD_1000e2a4::caseD_1	switchD_1000e2a4	ANALYSIS	false	false	false
1000e3b0	Label	caseD_1	switchD_1000e38f::caseD_1	switchD_1000e38f	ANALYSIS	false	false	false
1000e3b0	Label	caseD_1	switchD_1000e322::caseD_1	switchD_1000e322	ANALYSIS	false	false	false
1000e3b0	Label	caseD_1	switchD_1000e308::caseD_1	switchD_1000e308	ANALYSIS	false	false	false
1000e3b0	Label	caseD_1	switchD_1000e2e2::caseD_1	switchD_1000e2e2	ANALYSIS	false	false	false
1000e3bc	Label	caseD_2	switchD_1000e285::caseD_2	switchD_1000e285	ANALYSIS	true	false	false
1000e3bc	Label	caseD_2	switchD_1000e2a4::caseD_2	switchD_1000e2a4	ANALYSIS	false	false	false
1000e3bc	Label	caseD_2	switchD_1000e38f::caseD_2	switchD_1000e38f	ANALYSIS	false	false	false
1000e3bc	Label	caseD_2	switchD_1000e322::caseD_2	switchD_1000e322	ANALYSIS	false	false	false
1000e3bc	Label	caseD_2	switchD_1000e308::caseD_2	switchD_1000e308	ANALYSIS	false	false	false
1000e3bc	Label	caseD_2	switchD_1000e2e2::caseD_2	switchD_1000e2e2	ANALYSIS	false	false	false
1000e3d0	Label	caseD_3	switchD_1000e285::caseD_3	switchD_1000e285	ANALYSIS	true	false	false
1000e3d0	Label	caseD_3	switchD_1000e2a4::caseD_3	switchD_1000e2a4	ANALYSIS	false	false	false
1000e3d0	Label	caseD_3	switchD_1000e38f::caseD_3	switchD_1000e38f	ANALYSIS	false	false	false
1000e3d0	Label	caseD_3	switchD_1000e322::caseD_3	switchD_1000e322	ANALYSIS	false	false	false
1000e3d0	Label	caseD_3	switchD_1000e308::caseD_3	switchD_1000e308	ANALYSIS	false	false	false
1000e3d0	Label	caseD_3	switchD_1000e2e2::caseD_3	switchD_1000e2e2	ANALYSIS	false	false	false
1000e407	Label	switchD	switchD_1000e407::switchD	switchD_1000e407	ANALYSIS	true	false	false
1000e412	Label	switchD	switchD_1000e412::switchD	switchD_1000e412	ANALYSIS	true	false	false
1000e428	Label	default	switchD_1000e434::default	switchD_1000e434	ANALYSIS	true	false	false
1000e42d	Label	switchD	switchD_1000e42d::switchD	switchD_1000e42d	ANALYSIS	true	false	false
1000e434	Label	switchD	switchD_1000e434::switchD	switchD_1000e434	ANALYSIS	true	false	false
1000e43c	Label	switchdataD_1000e43c	switchD_1000e42d::switchdataD_1000e43c	switchD_1000e42d	ANALYSIS	true	false	false
1000e448	Label	caseD_1	switchD_1000e42d::caseD_1	switchD_1000e42d	ANALYSIS	true	false	false
1000e45e	Label	switchD	switchD_1000e45e::switchD	switchD_1000e45e	ANALYSIS	true	false	false
1000e468	Label	caseD_2	switchD_1000e42d::caseD_2	switchD_1000e42d	ANALYSIS	true	false	false
1000e488	Label	switchD	switchD_1000e488::switchD	switchD_1000e488	ANALYSIS	true	false	false
1000e490	Label	caseD_3	switchD_1000e42d::caseD_3	switchD_1000e42d	ANALYSIS	true	false	false
1000e4ba	Label	switchD	switchD_1000e4ba::switchD	switchD_1000e4ba	ANALYSIS	true	false	false
1000e4c4	Label	switchdataD_1000e4c4	switchD_1000e412::switchdataD_1000e4c4	switchD_1000e412	ANALYSIS	true	false	false
1000e4e4	Label	caseD_7	switchD_1000e412::caseD_7	switchD_1000e412	ANALYSIS	true	false	false
1000e4ec	Label	caseD_6	switchD_1000e412::caseD_6	switchD_1000e412	ANALYSIS	true	false	false
1000e4f4	Label	caseD_5	switchD_1000e412::caseD_5	switchD_1000e412	ANALYSIS	true	false	false
1000e4fc	Label	caseD_4	switchD_1000e412::caseD_4	switchD_1000e412	ANALYSIS	true	false	false
1000e504	Label	caseD_3	switchD_1000e412::caseD_3	switchD_1000e412	ANALYSIS	true	false	false
1000e50c	Label	caseD_2	switchD_1000e412::caseD_2	switchD_1000e412	ANALYSIS	true	false	false
1000e514	Label	caseD_1	switchD_1000e412::caseD_1	switchD_1000e412	ANALYSIS	true	false	false
1000e527	Label	caseD_0	switchD_1000e412::caseD_0	switchD_1000e412	ANALYSIS	true	false	false
1000e527	Label	switchD	switchD_1000e527::switchD	switchD_1000e527	ANALYSIS	false	false	false
1000e530	Label	switchdataD_1000e530	switchD_1000e407::switchdataD_1000e530	switchD_1000e407	ANALYSIS	true	false	false
1000e540	Label	caseD_0	switchD_1000e407::caseD_0	switchD_1000e407	ANALYSIS	true	false	false
1000e540	Label	caseD_0	switchD_1000e434::caseD_0	switchD_1000e434	ANALYSIS	false	false	false
1000e540	Label	caseD_0	switchD_1000e527::caseD_0	switchD_1000e527	ANALYSIS	false	false	false
1000e540	Label	caseD_0	switchD_1000e4ba::caseD_0	switchD_1000e4ba	ANALYSIS	false	false	false
1000e540	Label	caseD_0	switchD_1000e488::caseD_0	switchD_1000e488	ANALYSIS	false	false	false
1000e540	Label	caseD_0	switchD_1000e45e::caseD_0	switchD_1000e45e	ANALYSIS	false	false	false
1000e548	Label	caseD_1	switchD_1000e407::caseD_1	switchD_1000e407	ANALYSIS	true	false	false
1000e548	Label	caseD_1	switchD_1000e434::caseD_1	switchD_1000e434	ANALYSIS	false	false	false
1000e548	Label	caseD_1	switchD_1000e527::caseD_1	switchD_1000e527	ANALYSIS	false	false	false
1000e548	Label	caseD_1	switchD_1000e4ba::caseD_1	switchD_1000e4ba	ANALYSIS	false	false	false
1000e548	Label	caseD_1	switchD_1000e488::caseD_1	switchD_1000e488	ANALYSIS	false	false	false
1000e548	Label	caseD_1	switchD_1000e45e::caseD_1	switchD_1000e45e	ANALYSIS	false	false	false
1000e558	Label	caseD_2	switchD_1000e407::caseD_2	switchD_1000e407	ANALYSIS	true	false	false
1000e558	Label	caseD_2	switchD_1000e434::caseD_2	switchD_1000e434	ANALYSIS	false	false	false
1000e558	Label	caseD_2	switchD_1000e527::caseD_2	switchD_1000e527	ANALYSIS	false	false	false
1000e558	Label	caseD_2	switchD_1000e4ba::caseD_2	switchD_1000e4ba	ANALYSIS	false	false	false
1000e558	Label	caseD_2	switchD_1000e488::caseD_2	switchD_1000e488	ANALYSIS	false	false	false
1000e558	Label	caseD_2	switchD_1000e45e::caseD_2	switchD_1000e45e	ANALYSIS	false	false	false
1000e56c	Label	caseD_3	switchD_1000e407::caseD_3	switchD_1000e407	ANALYSIS	true	false	false
1000e56c	Label	caseD_3	switchD_1000e434::caseD_3	switchD_1000e434	ANALYSIS	false	false	false
1000e56c	Label	caseD_3	switchD_1000e527::caseD_3	switchD_1000e527	ANALYSIS	false	false	false
1000e56c	Label	caseD_3	switchD_1000e4ba::caseD_3	switchD_1000e4ba	ANALYSIS	false	false	false
1000e56c	Label	caseD_3	switchD_1000e488::caseD_3	switchD_1000e488	ANALYSIS	false	false	false
1000e56c	Label	caseD_3	switchD_1000e45e::caseD_3	switchD_1000e45e	ANALYSIS	false	false	false
1000e585	Function	FUN_1000e585	FUN_1000e585	Global	DEFAULT	true	false	false
1000e59c	Function	FUN_1000e59c	FUN_1000e59c	Global	DEFAULT	true	false	false
1000e7c0	Function	_strchr	_strchr	Global	ANALYSIS	true	false	false
1000e880	Function	_strstr	_strstr	Global	ANALYSIS	true	false	false
1000e900	Function	_strncmp	_strncmp	Global	ANALYSIS	true	false	false
1000e940	Function	FUN_1000e940	FUN_1000e940	Global	DEFAULT	true	false	false
1000e96f	Function	FUN_1000e96f	FUN_1000e96f	Global	DEFAULT	true	false	false
1000ea00	Function	_strncpy	_strncpy	Global	ANALYSIS	true	false	false
1000eafe	Function	FUN_1000eafe	FUN_1000eafe	Global	DEFAULT	true	false	false
1000ebce	Function	FUN_1000ebce	FUN_1000ebce	Global	DEFAULT	true	false	false
1000ebff	Function	FUN_1000ebff	FUN_1000ebff	Global	DEFAULT	true	false	false
1000ec4b	Function	FUN_1000ec4b	FUN_1000ec4b	Global	DEFAULT	true	false	false
1000ecde	Function	FUN_1000ecde	FUN_1000ecde	Global	DEFAULT	true	false	false
1000ee60	Function	FUN_1000ee60	FUN_1000ee60	Global	DEFAULT	true	false	false
1000ee9d	Function	FUN_1000ee9d	FUN_1000ee9d	Global	DEFAULT	true	false	false
1000efe6	Function	FUN_1000efe6	FUN_1000efe6	Global	DEFAULT	true	false	false
1000f20a	Function	FUN_1000f20a	FUN_1000f20a	Global	DEFAULT	true	false	false
1000f235	Function	FUN_1000f235	FUN_1000f235	Global	DEFAULT	true	false	false
1000f256	Function	___add_12	___add_12	Global	ANALYSIS	true	false	false
1000f2b4	Function	FUN_1000f2b4	FUN_1000f2b4	Global	DEFAULT	true	false	false
1000f2e2	Function	FUN_1000f2e2	FUN_1000f2e2	Global	DEFAULT	true	false	false
1000f30f	Function	FUN_1000f30f	FUN_1000f30f	Global	DEFAULT	true	false	false
1000f3d6	Function	FUN_1000f3d6	FUN_1000f3d6	Global	DEFAULT	true	false	false
1000f439	Label	switchD	switchD_1000f439::switchD	switchD_1000f439	ANALYSIS	true	false	false
1000f440	Label	caseD_0	switchD_1000f439::caseD_0	switchD_1000f439	ANALYSIS	true	false	false
1000f48f	Label	caseD_1	switchD_1000f439::caseD_1	switchD_1000f439	ANALYSIS	true	false	false
1000f4e6	Label	caseD_2	switchD_1000f439::caseD_2	switchD_1000f439	ANALYSIS	true	false	false
1000f510	Label	caseD_3	switchD_1000f439::caseD_3	switchD_1000f439	ANALYSIS	true	false	false
1000f56b	Label	caseD_4	switchD_1000f439::caseD_4	switchD_1000f439	ANALYSIS	true	false	false
1000f5e2	Label	caseD_5	switchD_1000f439::caseD_5	switchD_1000f439	ANALYSIS	true	false	false
1000f618	Label	caseD_6	switchD_1000f439::caseD_6	switchD_1000f439	ANALYSIS	true	false	false
1000f641	Label	caseD_8	switchD_1000f439::caseD_8	switchD_1000f439	ANALYSIS	true	false	false
1000f662	Label	caseD_7	switchD_1000f439::caseD_7	switchD_1000f439	ANALYSIS	true	false	false
1000f67c	Label	caseD_b	switchD_1000f439::caseD_b	switchD_1000f439	ANALYSIS	true	false	false
1000f6b0	Label	caseD_a	switchD_1000f439::caseD_a	switchD_1000f439	ANALYSIS	true	false	false
1000f6c6	Label	caseD_9	switchD_1000f439::caseD_9	switchD_1000f439	ANALYSIS	true	false	false
1000f877	Label	switchdataD_1000f877	switchD_1000f439::switchdataD_1000f877	switchD_1000f439	ANALYSIS	true	false	false
1000f8a7	Function	FUN_1000f8a7	FUN_1000f8a7	Global	DEFAULT	true	false	false
1000fb3a	Function	FUN_1000fb3a	FUN_1000fb3a	Global	DEFAULT	true	false	false
1000fbad	Function	FUN_1000fbad	FUN_1000fbad	Global	DEFAULT	true	false	false
1000fbb6	Function	FUN_1000fbb6	FUN_1000fbb6	Global	DEFAULT	true	false	false
1000fbbf	Function	FUN_1000fbbf	FUN_1000fbbf	Global	DEFAULT	true	false	false
1000fc3e	Function	FUN_1000fc3e	FUN_1000fc3e	Global	DEFAULT	true	false	false
1000fc80	Function	FUN_1000fc80	FUN_1000fc80	Global	DEFAULT	true	false	false
1000fcdf	Function	FUN_1000fcdf	FUN_1000fcdf	Global	DEFAULT	true	false	false
1000fd01	Function	FUN_1000fd01	FUN_1000fd01	Global	DEFAULT	true	false	false
1000fd70	Function	FUN_1000fd70	FUN_1000fd70	Global	DEFAULT	true	false	false
1000fe3c	Function	FUN_1000fe3c	FUN_1000fe3c	Global	DEFAULT	true	false	false
100100ef	Function	FUN_100100ef	FUN_100100ef	Global	DEFAULT	true	false	false
10010306	Function	FUN_10010306	FUN_10010306	Global	DEFAULT	true	false	false
1001032e	Function	FUN_1001032e	FUN_1001032e	Global	DEFAULT	true	false	false
10010331	Function	FUN_10010331	FUN_10010331	Global	DEFAULT	true	false	false
1001033f	Function	FUN_1001033f	FUN_1001033f	Global	DEFAULT	true	false	false
1001034e	Function	FUN_1001034e	FUN_1001034e	Global	DEFAULT	true	false	false
10010371	Function	FUN_10010371	FUN_10010371	Global	DEFAULT	true	false	false
100103c7	Function	FUN_100103c7	FUN_100103c7	Global	DEFAULT	true	false	false
10010424	Function	FUN_10010424	FUN_10010424	Global	DEFAULT	true	false	false
100104a7	Function	FUN_100104a7	FUN_100104a7	Global	DEFAULT	true	false	false
100104e0	Function	FUN_100104e0	FUN_100104e0	Global	DEFAULT	true	false	false
10010520	Function	FUN_10010520	FUN_10010520	Global	DEFAULT	true	false	false
1001055a	Function	FUN_1001055a	FUN_1001055a	Global	DEFAULT	true	false	false
1001077a	Function	FUN_1001077a	FUN_1001077a	Global	DEFAULT	true	false	false
100107f6	Function	FUN_100107f6	FUN_100107f6	Global	DEFAULT	true	false	false
1001081f	Function	FUN_1001081f	FUN_1001081f	Global	DEFAULT	true	false	false
100108e0	Function	FUN_100108e0	FUN_100108e0	Global	DEFAULT	true	false	false
100109b0	Function	FUN_100109b0	FUN_100109b0	Global	DEFAULT	true	false	false
10010af4	Function	RtlUnwind	KERNEL32.DLL::RtlUnwind	KERNEL32.DLL	DEFAULT	true	false	false
10010b00	Function	Unwind@10010b00	Unwind@10010b00	Global	ANALYSIS	true	false	false
10010b0b	Function	Unwind@10010b0b	Unwind@10010b0b	Global	ANALYSIS	true	false	false
10010b1e	Function	Unwind@10010b1e	Unwind@10010b1e	Global	ANALYSIS	true	false	false
10010b40	Function	Unwind@10010b40	Unwind@10010b40	Global	ANALYSIS	true	false	false
ffdff000	Label	ExceptionList	ExceptionList	Global	ANALYSIS	true	false	false
ffdff004	Label	StackBase	StackBase	Global	ANALYSIS	true	false	false
ffdff008	Label	StackLimit	StackLimit	Global	ANALYSIS	true	false	false
ffdff00c	Label	SubSystemTib	SubSystemTib	Global	ANALYSIS	true	false	false
ffdff010	Label	FiberData	FiberData	Global	ANALYSIS	true	false	false
ffdff014	Label	ArbitraryUserPointer	ArbitraryUserPointer	Global	ANALYSIS	true	false	false
ffdff018	Label	Self	Self	Global	ANALYSIS	true	false	false
ffdff01c	Label	EnvironmentPointer	EnvironmentPointer	Global	ANALYSIS	true	false	false
ffdff020	Label	ClientId	ClientId	Global	ANALYSIS	true	false	false
ffdff028	Label	ActiveRpcHandle	ActiveRpcHandle	Global	ANALYSIS	true	false	false
ffdff02c	Label	ThreadLocalStoragePointer	ThreadLocalStoragePointer	Global	ANALYSIS	true	false	false
ffdff030	Label	ProcessEnvironmentBlock	ProcessEnvironmentBlock	Global	ANALYSIS	true	false	false
ffdff034	Label	LastErrorValue	LastErrorValue	Global	ANALYSIS	true	false	false
ffdff038	Label	CountOfOwnedCriticalSections	CountOfOwnedCriticalSections	Global	ANALYSIS	true	false	false
ffdff03c	Label	CsrClientThread	CsrClientThread	Global	ANALYSIS	true	false	false
ffdff040	Label	Win32ThreadInfo	Win32ThreadInfo	Global	ANALYSIS	true	false	false
ffdff044	Label	User32Reserved	User32Reserved	Global	ANALYSIS	true	false	false
ffdff0ac	Label	UserReserved	UserReserved	Global	ANALYSIS	true	false	false
ffdff0c0	Label	WOW32Reserved	WOW32Reserved	Global	ANALYSIS	true	false	false
ffdff0c4	Label	CurrentLocale	CurrentLocale	Global	ANALYSIS	true	false	false
ffdff0c8	Label	FpSoftwareStatusRegister	FpSoftwareStatusRegister	Global	ANALYSIS	true	false	false
ffdff0cc	Label	SystemReserved1	SystemReserved1	Global	ANALYSIS	true	false	false
ffdff1a4	Label	ExceptionCode	ExceptionCode	Global	ANALYSIS	true	false	false
ffdff1a8	Label	ActivationContextStackPointer	ActivationContextStackPointer	Global	ANALYSIS	true	false	false
ffdff1ac	Label	SpareBytes	SpareBytes	Global	ANALYSIS	true	false	false
ffdff1d0	Label	TxFsContext	TxFsContext	Global	ANALYSIS	true	false	false
ffdff1d4	Label	GdiTebBatch	GdiTebBatch	Global	ANALYSIS	true	false	false
ffdff6b4	Label	RealClientId	RealClientId	Global	ANALYSIS	true	false	false
ffdff6bc	Label	GdiCachedProcessHandle	GdiCachedProcessHandle	Global	ANALYSIS	true	false	false
ffdff6c0	Label	GdiClientPID	GdiClientPID	Global	ANALYSIS	true	false	false
ffdff6c4	Label	GdiCLientTID	GdiCLientTID	Global	ANALYSIS	true	false	false
ffdff6c8	Label	GdiThreadLocalInfo	GdiThreadLocalInfo	Global	ANALYSIS	true	false	false
ffdff6cc	Label	Win32ClientInfo	Win32ClientInfo	Global	ANALYSIS	true	false	false
ffdff7c4	Label	glDispatchTable	glDispatchTable	Global	ANALYSIS	true	false	false
ffdffb68	Label	glReserved1	glReserved1	Global	ANALYSIS	true	false	false
ffdffbdc	Label	glReserved2	glReserved2	Global	ANALYSIS	true	false	false
ffdffbe0	Label	glSectionInfo	glSectionInfo	Global	ANALYSIS	true	false	false
ffdffbe4	Label	glSection	glSection	Global	ANALYSIS	true	false	false
ffdffbe8	Label	glTable	glTable	Global	ANALYSIS	true	false	false
ffdffbec	Label	glCurrentRC	glCurrentRC	Global	ANALYSIS	true	false	false
ffdffbf0	Label	glContext	glContext	Global	ANALYSIS	true	false	false
ffdffbf4	Label	LastStatusValue	LastStatusValue	Global	ANALYSIS	true	false	false
ffdffc00	Label	StaticUnicodeBuffer	StaticUnicodeBuffer	Global	ANALYSIS	true	false	false
ffdffe0c	Label	DeallocationStack	DeallocationStack	Global	ANALYSIS	true	false	false
ffdffe10	Label	TlsSlots	TlsSlots	Global	ANALYSIS	true	false	false
ffdfff10	Label	TlsLinks.Flink	TlsLinks.Flink	Global	ANALYSIS	true	false	false
ffdfff14	Label	TlsLinks.Blink	TlsLinks.Blink	Global	ANALYSIS	true	false	false
ffdfff18	Label	Vdm	Vdm	Global	ANALYSIS	true	false	false
ffdfff1c	Label	ReservedForNtRpc	ReservedForNtRpc	Global	ANALYSIS	true	false	false
ffdfff20	Label	DbgSsReserved	DbgSsReserved	Global	ANALYSIS	true	false	false
ffdfff28	Label	HardErrorMode	HardErrorMode	Global	ANALYSIS	true	false	false
ffdfff2c	Label	Instrumentation	Instrumentation	Global	ANALYSIS	true	false	false
ffdfff50	Label	ActivityId	ActivityId	Global	ANALYSIS	true	false	false
ffdfff60	Label	SubProcessTag	SubProcessTag	Global	ANALYSIS	true	false	false
ffdfff64	Label	EtwLocalData	EtwLocalData	Global	ANALYSIS	true	false	false
ffdfff68	Label	EtwTraceData	EtwTraceData	Global	ANALYSIS	true	false	false
ffdfff6c	Label	WinSockData	WinSockData	Global	ANALYSIS	true	false	false
ffdfff70	Label	GdiBatchCount	GdiBatchCount	Global	ANALYSIS	true	false	false
ffdfff74	Label	IdealProcessorValue	IdealProcessorValue	Global	ANALYSIS	true	false	false
ffdfff78	Label	GuaranteedStackBytes	GuaranteedStackBytes	Global	ANALYSIS	true	false	false
ffdfff7c	Label	ReservedForPerf	ReservedForPerf	Global	ANALYSIS	true	false	false
ffdfff80	Label	ReservedForOle	ReservedForOle	Global	ANALYSIS	true	false	false
ffdfff84	Label	WaitingOnLoaderLock	WaitingOnLoaderLock	Global	ANALYSIS	true	false	false
ffdfff88	Label	SavedPriorityState	SavedPriorityState	Global	ANALYSIS	true	false	false
ffdfff8c	Label	SoftPatchPtr1	SoftPatchPtr1	Global	ANALYSIS	true	false	false
ffdfff90	Label	ThreadPoolData	ThreadPoolData	Global	ANALYSIS	true	false	false
ffdfff94	Label	TlsExpansionSlots	TlsExpansionSlots	Global	ANALYSIS	true	false	false
ffdfff98	Label	MuiGeneration	MuiGeneration	Global	ANALYSIS	true	false	false
ffdfff9c	Label	IsImpersonating	IsImpersonating	Global	ANALYSIS	true	false	false
ffdfffa0	Label	NlsCache	NlsCache	Global	ANALYSIS	true	false	false
ffdfffa4	Label	pShimData	pShimData	Global	ANALYSIS	true	false	false
ffdfffa8	Label	HeapVirtualAffinity	HeapVirtualAffinity	Global	ANALYSIS	true	false	false
ffdfffac	Label	CurrentTransactionHandle	CurrentTransactionHandle	Global	ANALYSIS	true	false	false
ffdfffb0	Label	ActiveFrame	ActiveFrame	Global	ANALYSIS	true	false	false
ffdfffb4	Label	FlsData	FlsData	Global	ANALYSIS	true	false	false
ffdfffb8	Label	PreferredLanguages	PreferredLanguages	Global	ANALYSIS	true	false	false
ffdfffbc	Label	UserPrefLanguages	UserPrefLanguages	Global	ANALYSIS	true	false	false
ffdfffc0	Label	MergedPrefLanguages	MergedPrefLanguages	Global	ANALYSIS	true	false	false
ffdfffc4	Label	MuiImpersonation	MuiImpersonation	Global	ANALYSIS	true	false	false
ffdfffc8	Label	CrossTebFlags	CrossTebFlags	Global	ANALYSIS	true	false	false
ffdfffca	Label	SameTebFlags	SameTebFlags	Global	ANALYSIS	true	false	false
ffdfffcc	Label	TxnScopeEnterCallback	TxnScopeEnterCallback	Global	ANALYSIS	true	false	false
ffdfffd0	Label	TxnScopeExitCallback	TxnScopeExitCallback	Global	ANALYSIS	true	false	false
ffdfffd4	Label	TxnScopeContext	TxnScopeContext	Global	ANALYSIS	true	false	false
ffdfffd8	Label	LockCount	LockCount	Global	ANALYSIS	true	false	false
ffdfffe0	Label	ResourceRetValue	ResourceRetValue	Global	ANALYSIS	true	false	false
